case_id,label,requirement,gold_span_count,gold_evidence_excerpt,top_retrieved_chunk_ids,top_retrieved_excerpt,gold_best_rank,failure_family,notes
train::87::nda-3,Entailment,Confidential Information may include verbally conveyed information.,2,"“Confidential Information” under this Agreement consists of: (iv) all observations of equipment (including computer screens) and oral disclosures related to the development of any Cyber Mutual Assistance Program or a specific request for or response to cyber mutual assistance, including the systems,","6,9,5,7,3","Upon receipt of a Freedom of Information Act or public records disclosure request, such Participating Entity shall: (i) notify each Participating Entity or Participating Entities whose information is subject to such disclosure request immediately upon receipt of a request for public records that inc",7,ranking_failure_gold_beyond_top_k,
train::89::nda-15,Entailment,Agreement shall not grant Receiving Party any right to Confidential Information.,2,The Data Recipient hereby acknowledges that the DOHMH is the exclusive owner of the Data and all trade secrets and other rights therein.  No license or conveyance of any such rights is granted or implied under this Agreement. ,"21,9,3,20,4","Nothing contained herein shall constitute any representation, warranty, or guarantee to the Data Recipient with respect to the value or accuracy of the Data or information exchanged or that such exchanged information does not infringe any rights of third parties. The City shall not be held liable fo",7,ranking_failure_gold_beyond_top_k,
train::89::nda-7,Entailment,"Receiving Party may share some Confidential Information with some third-parties (including consultants, agents and professional advisors).",2,"A. Nothing express or implied in this Agreement is intended to confer, nor shall anything herein confer, upon any person other than the Parties, any rights, remedies, obligations, or liabilities whatsoever. 1. Only the Data Recipient’s employees and/or consultants required to use the Data to perform","11,9,4,10,7","3. Accounting for Unauthorized or Inadvertent Use or Disclosure. In the event that an unauthorized or inadvertent use or disclosure of Data provided by DOHMH is made to a third party, Data Recipient shall ensure that a proper record of such unauthorized or inadvertent use or disclosure is kept and i",14,ranking_failure_gold_beyond_top_k,
train::89::nda-17,Contradiction,Receiving Party may create a copy of some Confidential Information in some circumstances.,1,"Except as set forth in Section III, Data Recipient shall not reproduce the Data in any form without the prior written consent of DOHMH.","11,16,3,10,9","3. Accounting for Unauthorized or Inadvertent Use or Disclosure. In the event that an unauthorized or inadvertent use or disclosure of Data provided by DOHMH is made to a third party, Data Recipient shall ensure that a proper record of such unauthorized or inadvertent use or disclosure is kept and i",11,ranking_failure_gold_beyond_top_k,
train::89::nda-5,Entailment,Receiving Party may share some Confidential Information with some of Receiving Party's employees.,1,"1. Only the Data Recipient’s employees and/or consultants required to use the Data to perform the functions of this Agreement that are set forth in Attachment B, and so designated by Data Recipient as “Authorized Users” in Attachment C to this Agreement, will be given access to the Data.","9,10,11,23,4","1. Disclosure of Individually Identifiable Information. Data Recipient shall not disclose Data, or any information it receives pursuant to this Agreement that is individually identifiable information, or information, which combined with publicly available information, may reasonably be used to ident",14,ranking_failure_gold_beyond_top_k,
train::89::nda-4,Entailment,Receiving Party shall not use any Confidential Information for any purpose other than the purposes stated in Agreement.,2,"Except as otherwise provided in this Agreement, Data Recipient shall not, at any time, directly or indirectly disclose, share, give, loan, sell, or otherwise grant access to the Data provided pursuant to this Agreement, in part or in whole, to any other person or organization.  A. Data Recipient agr","21,9,4,20,3","Nothing contained herein shall constitute any representation, warranty, or guarantee to the Data Recipient with respect to the value or accuracy of the Data or information exchanged or that such exchanged information does not infringe any rights of third parties. The City shall not be held liable fo",7,ranking_failure_gold_beyond_top_k,
train::91::nda-12,Entailment,Receiving Party may independently develop information similar to Confidential Information.,1,"13. “Confidential Information” shall not include information which, now or in the future, is available to the public (other than through improper disclosure by the Receiving Party); information rightly acquired from a third party without any obligation of confidentiality; information that is indepen","1,6,3,5,4","NOW, THEREFORE, in consideration of the foregoing and the mutual covenants made herein, each party hereby agrees as follows:
I. DEFINITIONS:
A. “Confidential Information” as used herein any and all confidential and/or proprietary information concerning the Originating Party’s business and such party",6,ranking_failure_gold_beyond_top_k,
train::91::nda-13,Entailment,Receiving Party may acquire information similar to Confidential Information from a third party.,1,"13. “Confidential Information” shall not include information which, now or in the future, is available to the public (other than through improper disclosure by the Receiving Party); information rightly acquired from a third party without any obligation of confidentiality; information that is indepen","3,1,5,6,4","D. “Receiving Party” as used herein shall refer to the party who receives the Confidential Information or Intellectual Property from the Originating Party.
E. “Representative” means directors, officers, employees, accountants, attorneys, lenders of funds and agents of a party or its affiliates.
II. ",6,ranking_failure_gold_beyond_top_k,
train::92::nda-10,Entailment,Receiving Party shall not disclose the fact that Agreement was agreed or negotiated.,1,"Neither party shall disclose the Purpose or the existence of this Agreement or reveal that discussions are taking place between the parties to another person without the prior written consent of the other party except to the extent that such disclosure is required by law, by a court of competent jur","4,3,1,2,5","(a) to the extent it is or becomes generally available to the public other than through a breach of this Agreement;
(b) which the Receiving Party can show by its written or other records was in its lawful possession prior to receipt from the Disclosing Party and which had not previously been obtaine",6,ranking_failure_gold_beyond_top_k,
train::92::nda-3,Entailment,Confidential Information may include verbally conveyed information.,1,"Confidential Information means any information disclosed (whether before or after the date of this Agreement, in writing, verbally or otherwise and whether directly or indirectly) by or on behalf of the Disclosing Party or an Affiliate of the Disclosing Party to the Receiving Party in connection wit","4,6,8,2,3","(a) to the extent it is or becomes generally available to the public other than through a breach of this Agreement;
(b) which the Receiving Party can show by its written or other records was in its lawful possession prior to receipt from the Disclosing Party and which had not previously been obtaine",6,ranking_failure_gold_beyond_top_k,
train::95::nda-10,Entailment,Receiving Party shall not disclose the fact that Agreement was agreed or negotiated.,2,"Neither Party will make or issue any formal or informal announcement or statement to the press or any Third Party in connection with this Agreement without the prior written consent of the other Party. 6.3. Subject to 6.5, the Receiving Party agrees that it will not, during the existence of this Agr","9,4,6,1,10","10.3. The Receiving Party shall comply with any request by the Disclosing Party in terms of this clause, within 7 (seven) business days of receipt of any such request.
11. EXCLUDED CONFIDENTIAL INFORMATION
The obligations of the Receiving Party pursuant to the provisions of this Agreement shall not ",7,ranking_failure_gold_beyond_top_k,
train::95::nda-1,Contradiction,All Confidential Information shall be expressly identified by the Disclosing Party.,6,"5.2. know-how and trade secrets; 5.3. processes, machinery, designs, drawings, technical specifications and data relating to the Project; 5.4. any of the above information of third parties, including but not limited to supplier and customer information relating to the Project, in whatever form and w","6,10,9,4,1","6.8. Accordingly, the Receiving Party hereby indemnifies the Disclosing Party, and shall defend and hold the Disclosing Party harmless from and against any and all suits, liabilities, causes of action, claims, losses, damages, costs (including, but not limited to, cost of cover, reasonable attorneys",6,ranking_failure_gold_beyond_top_k,
train::106::nda-7,Contradiction,"Receiving Party may share some Confidential Information with some third-parties (including consultants, agents and professional advisors).",1,"For a period of two (2) years from the date of receipt, all Confidential Information shall be maintained in confidence by Recipient, shall not be disclosed, published, communicated, divulged or revealed in any manner, to any other person, firm, corporation or other third party entity, including empl","1,3,4,2,7","WHEREAS, it is in the interest of the parties hereto for Discloser to provide Recipient with certain valuable information that is considered highly confidential and proprietary, in order to most effectively further the discussions between Discloser and Recipient.
WHEREAS, Recipient acknowledges and ",6,ranking_failure_gold_beyond_top_k,
train::109::nda-5,Entailment,Receiving Party may share some Confidential Information with some of Receiving Party's employees.,1,"(c) Recipient shall keep the Confidential Information confidential at all times and shall not disclose the Confidential Information to any person including its employees except to its employees, representatives, advisors and agents who have a need to know such information in connection with assistin","2,1,6,5,3","(b) all confidential matters of such Party including, without limitation, technical know-how, trade secrets, technical data, new product strategy, new products or processes, analysis, compilations, concepts, technical processes, formulae, recipes, specifications, inventions, research projects, custo",6,ranking_failure_gold_beyond_top_k,
train::113::nda-17,Contradiction,Receiving Party may create a copy of some Confidential Information in some circumstances.,1,"Upon PHCS’ request, all Confidential Information (and all copies, extracts or other reproductions in whole or in part thereof), whether in writing or stored or maintained in or by electronic, magnetic or other means, media or devices, shall be returned or destroyed (such destruction to be certified ","4,7,3,1,5","3. Use of Confidential Information. As a condition to the disclosure of the Confidential Information, the Recipient agrees to keep the Confidential Information confidential and not to disclose or otherwise use the Confidential Information for any purpose, other than for its business relationship wit",6,ranking_failure_gold_beyond_top_k,
train::114::nda-16,Entailment,Receiving Party shall destroy or return some Confidential Information upon the termination of Agreement.,2,"If the Recipient fails to submit an offer, he must then return all documents provided by the GSA within two months following the deadline for the submission of offers. If the Recipient submits an offer but is not awarded the contract, he must return all documents provided by the GSA within two month","12,8,6,2,3","11.3 This Agreement represents the entire understanding and agreement of the Parties with respect to the Confidential Information, as defined in Article 2 above, and supersedes and cancels any and all previous declarations, negotiations, commitments, communications either oral or written, approvals,",6,ranking_failure_gold_beyond_top_k,
train::114::nda-8,Entailment,"Receiving Party shall notify Disclosing Party in case Receiving Party is required by law, regulation or judicial process to disclose any Confidential Information.",1,"4.5 is disclosed pursuant to the request of a governmental or jurisdictional authority or is disclosed according to the law or regulations of any country with jurisdiction over the Recipient; in either case the Recipient, subject to possible constraints of such governmental or jurisdictional authori","1,2,6,12,8","Hereinafter individually referred to as the ""Party"" or collectively referred to as the ""Parties""
1 of 11
PREAMBLE
WHEREAS, the GSA has launched an open call for tenders for the provision of a PRS Operational Tool to Evaluate and Counteract Threats Originating from Radio-sources (PROTECTOR);
WHEREAS,",7,ranking_failure_gold_beyond_top_k,
train::121::nda-2,Contradiction,Confidential Information shall only include technical information.,1,"WHEREAS, the Company has expressed a willingness to furnish to Euler Hermes and its Affiliates certain confidential financial statements and other financial information relating to the affairs of the Company, whether submitted in oral, written, magnetic, electronic, or other form and regardless of w","1,3,4,2,5","The Confidential Information may be used only for the following purposes (“Purpose”):
a. evaluation for the issuance of policies of credit insurance or bonding or issuance of an EH grade to the Company;
b. evaluation for the issuance of policies of credit insurance or bonding or issuance of an EH gr",6,ranking_failure_gold_beyond_top_k,
train::121::nda-1,Contradiction,All Confidential Information shall be expressly identified by the Disclosing Party.,1,"WHEREAS, the Company has expressed a willingness to furnish to Euler Hermes and its Affiliates certain confidential financial statements and other financial information relating to the affairs of the Company, whether submitted in oral, written, magnetic, electronic, or other form and regardless of w","1,3,2,4,5","The Confidential Information may be used only for the following purposes (“Purpose”):
a. evaluation for the issuance of policies of credit insurance or bonding or issuance of an EH grade to the Company;
b. evaluation for the issuance of policies of credit insurance or bonding or issuance of an EH gr",6,ranking_failure_gold_beyond_top_k,
train::121::nda-3,Entailment,Confidential Information may include verbally conveyed information.,1,"WHEREAS, the Company has expressed a willingness to furnish to Euler Hermes and its Affiliates certain confidential financial statements and other financial information relating to the affairs of the Company, whether submitted in oral, written, magnetic, electronic, or other form and regardless of w","1,3,2,4,5","The Confidential Information may be used only for the following purposes (“Purpose”):
a. evaluation for the issuance of policies of credit insurance or bonding or issuance of an EH grade to the Company;
b. evaluation for the issuance of policies of credit insurance or bonding or issuance of an EH gr",6,ranking_failure_gold_beyond_top_k,
train::125::nda-20,Entailment,Receiving Party may retain some Confidential Information even after the return or destruction of Confidential Information.,1,The HNBA will keep a copy in its files for a period of two (2) years after the completion of each Candidate’s specific request.,"1,3,5,7,4","WHEREAS, the Parties wish to define their rights with respect to Confidential Information delivered to the other Party;
NOW THEREFORE, in consideration of the above premises, it is agreed as follows:
1. The term “Confidential Information” shall include:
(a) All information that is delivered by or on",6,ranking_failure_gold_beyond_top_k,
train::126::nda-13,Entailment,Receiving Party may acquire information similar to Confidential Information from a third party.,2,"(iii) became known to Vendor from a source other than IBC other than by the breach of an obligation of confidentiality owed to IBC; or  Confidential Information shall not include any information, other than Personal Information, however designated, that: ","7,2,8,11,6","(b) Vendor may disclose Confidential Information in accordance with a Canadian judicial or other legal binding Canadian governmental order, provided that Vendor either (i) gives IBC reasonable notice prior to such disclosure to allow IBC a reasonable opportunity to seek a protective order or equival",6,ranking_failure_gold_beyond_top_k,
train::128::nda-2,Contradiction,Confidential Information shall only include technical information.,4,"(c) Any information that would be regarded as confidential by a reasonable business person relating to: (i) The business, affairs, customers, clients, suppliers, plans, intentions, or market opportunities of the Disclosing Party; and (ii) The operations, processes, product information, know-how, des","9,7,3,5,6","4.1 All Confidential Information shall remain the property of the Disclosing Party. Each party reserves all rights in its Confidential Information. No rights, including, but not limited to, intellectual property rights, in respect of a party's Confidential Information are granted to the other party ",6,ranking_failure_gold_beyond_top_k,
train::128::nda-1,Contradiction,All Confidential Information shall be expressly identified by the Disclosing Party.,2,"(c) Any information that would be regarded as confidential by a reasonable business person relating to: Confidential Information means all confidential information (however recorded, preserved or disclosed) disclosed by a party or its Representatives to the other party and that party's Representativ","6,10,9,8,5","(b) It procures that its Representatives shall, in relation to any Confidential Information disclosed to them, comply with this Agreement as if they were the Recipient and, if the Disclosing Party so requests, procure that any relevant Representative enters into a confidentiality agreement with the ",9,ranking_failure_gold_beyond_top_k,
train::128::nda-3,Entailment,Confidential Information may include verbally conveyed information.,1,"Confidential Information means all confidential information (however recorded, preserved or disclosed) disclosed by a party or its Representatives to the other party and that party's Representatives including but not limited to:","6,3,9,5,10","(b) It procures that its Representatives shall, in relation to any Confidential Information disclosed to them, comply with this Agreement as if they were the Recipient and, if the Disclosing Party so requests, procure that any relevant Representative enters into a confidentiality agreement with the ",9,ranking_failure_gold_beyond_top_k,
train::130::nda-1,Contradiction,All Confidential Information shall be expressly identified by the Disclosing Party.,1,"(a) ""Confidential Information"" means non public information that the Disclosing Party either designates as being confidential or which, under the circumstances surrounding disclosure ought to be treated as confidential. ","2,1,4,3,5","(a) Receiving Party shall not disclose any Confidential Information to any third parties for three (3) years following the date of its disclosure by Disclosing Party to Receiving Party, except to Receiving Party's consultants as set out below. However, Receiving Party may disclose Confidential Infor",6,ranking_failure_gold_beyond_top_k,
train::131::nda-19,Entailment,Some obligations of Agreement may survive termination of Agreement.,1,"This Agreement applies to any Confidential Information that may have been provided by either Party before or after the Effective Date, and will continue to govern all disclosures of Confidential Information, until terminated on thirty (30) days writ-ten notice by either Party to the other, except th","11,1,13,14,12","14. Entire Agreement. This Agreement contains the entire understanding between the Parties with respect to this subject matter, is valid if signed within forty-five (45) days after the Effective Date, and supersedes all prior understandings whether written or oral. Further modifications may be made ",7,ranking_failure_gold_beyond_top_k,
train::133::nda-15,Entailment,Agreement shall not grant Receiving Party any right to Confidential Information.,2,"The Recipient understands and respects that the Owner has all proprietary rights to these materials, and that these materials are entrusted to the Recipient on basis of execution of contract tied to this Non-disclosure agreement. The Recipient acknowledges and understands that, as between the Owner ","7,3,1,4,10","STATUS
The parties understand that they are not partners or agents, and stress that both parties are to form this contract, as a result of the confidentiality needed in regards to the proper execution of a standalone contract tied to this Non-disclosure agreement. Neither party has an obligation to ",6,ranking_failure_gold_beyond_top_k,
train::133::nda-18,Entailment,Receiving Party shall not solicit some of Disclosing Party's representatives.,1,"In consideration of the experience, know-how, training and other vital organizational or market knowledge, which is to be acquired through working for the Owner, the Employee hereby promises that he/she will NOT, either during the employment or for a period of time of (insert number of years – usual","4,7,1,3,12","In consideration for the receipt by the Recipient of information, the Recipient agrees to:
- Hold the information in confidence and will not, in any way, disclose the information to any person or entity without prior written ascent of the Owner
- Not copy or, in any way, modify any information witho",10,ranking_failure_gold_beyond_top_k,
train::136::nda-10,Entailment,Receiving Party shall not disclose the fact that Agreement was agreed or negotiated.,2,"2.6 No Party shall make, or permit any person to make, any public announcement concerning this Agreement, the Purpose or its prospective interest in the Purpose without the prior written consent of the other Party (such consent not to be unreasonably withheld or delayed) except as required by law or","11,6,9,5,2","4.3 The disclosure of Confidential Information by the Disclosing Party shall not form any offer by, or representation or warranty on the part of, the Disclosing Party to enter into any further agreement in relation to the Purpose, or the development or supply of any product or service to which the C",8,ranking_failure_gold_beyond_top_k,
train::136::nda-2,Contradiction,Confidential Information shall only include technical information.,4,"“Purpose”: means the exchange of Confidential Information, trade secrets, know-how and samples in order to evaluate and pursue the objective of one or more potential business arrangements with respect to Kenway’s potential to supply the Company with information, products and/or designs that are prop","10,5,2,11,6","4.1 All Confidential Information shall remain the property of the Disclosing Party. Each Party reserves all rights in its Confidential Information. No rights, including, but not limited to, intellectual property rights, in respect of a party's Confidential Information are granted to the other Party ",6,ranking_failure_gold_beyond_top_k,
train::136::nda-1,Contradiction,All Confidential Information shall be expressly identified by the Disclosing Party.,1,"“Confidential Information:” means all confidential information (however recorded, preserved or disclosed) disclosed by a Party or its Representatives to the other Party and that Party's Representatives including but not limited to: the fact that discussions and negotiations are taking place concerni","9,10,5,6,7","3.2 If the Recipient develops or uses a product or a process which, in the reasonable opinion of the Disclosing Party, might have involved the use of any of the Disclosing Party's Confidential Information, the Recipient shall, at the request of the Disclosing Party, supply to the Disclosing Party in",12,ranking_failure_gold_beyond_top_k,
train::136::nda-3,Entailment,Confidential Information may include verbally conveyed information.,1,"“Confidential Information:” means all confidential information (however recorded, preserved or disclosed) disclosed by a Party or its Representatives to the other Party and that Party's Representatives including but not limited to: the fact that discussions and negotiations are taking place concerni","2,5,9,6,7",(a) that is or becomes generally available to the public other than as a result of its disclosure by the Recipient or its Representatives in breach of this Agreement or of any other undertaking of confidentiality addressed to the Party to whom the information relates (except that any compilation of ,6,ranking_failure_gold_beyond_top_k,
train::136::nda-4,Entailment,Receiving Party shall not use any Confidential Information for any purpose other than the purposes stated in Agreement.,2,"The Recipient shall keep the Disclosing Party's Confidential Information confidential and, except with the prior written consent of the Disclosing Party, shall: (a) not use or exploit the Confidential Information in any way except for the Purpose;","5,11,10,7,2","(b) not disclose or make available the Confidential Information in whole or in part to any third party, except as expressly permitted by this Agreement;
(c) not copy, reduce to writing or otherwise record the Confidential Information except as strictly necessary for the Purpose (and any such copies,",15,ranking_failure_gold_beyond_top_k,
train::144::nda-12,Entailment,Receiving Party may independently develop information similar to Confidential Information.,2,(c) was developed by employees or agents of Recipient independently of and without reference to any of Discloser’s Confidential Information; or  3. Recipient’s obligations under Section 2 will not apply to any of Discloser’s Confidential Information that Recipient can document: ,"1,2,6,5,4","Confidential Information includes all of the following, whether or not reduced to tangible form: software codes and computer programs; trade secrets, patents, patent applications, and copyrights; know-how, processes, research, development, ideas, and inventions (whether patentable or not); formulas ",6,ranking_failure_gold_beyond_top_k,
train::145::nda-16,Entailment,Receiving Party shall destroy or return some Confidential Information upon the termination of Agreement.,2,ICC  Court members undertake that their firm or company will not use the Confidential information or Proprietary information for any other purpose and remain responsible for ensuring that such information is immediately destroyed upon conclusion of the conflict check.,"6,5,7,2,1","ICC therefore reserves the right to take whatever injunctive or other action it deems necessary, at law, in equity or otherwise to protect its interests in the event of any actual and/or alleged breach of this Agreement by the Member.
Article 12 – Disposal
Within ninety (90) days of termination of t",6,ranking_failure_gold_beyond_top_k,
train::147::nda-15,Entailment,Agreement shall not grant Receiving Party any right to Confidential Information.,2,"Vendor acknowledges and agrees that: (1) it does not acquire by implication or otherwise any right, title or interest in or to the Confidential Information and ISCA IPR, including any licence;","5,9,2,7,4","2.1 The Vendor hereby agrees to maintain as confidential and agrees not to use except for the Limited Purpose, any part or the whole of any Confidential Information.",9,ranking_failure_gold_beyond_top_k,
train::149::nda-2,Contradiction,Confidential Information shall only include technical information.,1,"1) “Proprietary Information” shall include, but not be limited to, information regarding business matters, know-how, data (technical or non-technical), product samples and specifications, customer information, as well as performance, sales, financial, contractual and special marketing information, i","1,5,2,4,3",2) Proprietary Information must be: (a) in writing; (b) clearly identified as Proprietary Information at the time of its disclosure by each page thereof being marked with an appropriate legend indicating that the information is deemed proprietary by the disclosing Party; and (c) delivered by letter ,6,ranking_failure_gold_beyond_top_k,
train::150::nda-1,Entailment,All Confidential Information shall be expressly identified by the Disclosing Party.,1,"j. Confidential Information: any information disclosed by one Party (the ‘Discloser’) to another party (the ‘Recipient’) relating directly or indirectly to the Project, which is identified by the disclosing Party, either orally or in writing, as confidential, either at the time of disclosure or, if ","10,12,11,4,9","5. DESIGNATED REPRESENTATIVES: Each party designates a representative for coordinating receipt, release and delivery of Confidential Information, which for McGill will be Intern AND Name of Academic Supervisor and/or Office of Sponsored Research representative and for Sponsor: Name of designated rep",16,ranking_failure_gold_beyond_top_k,
train::150::nda-3,Entailment,Confidential Information may include verbally conveyed information.,1,"j. Confidential Information: any information disclosed by one Party (the ‘Discloser’) to another party (the ‘Recipient’) relating directly or indirectly to the Project, which is identified by the disclosing Party, either orally or in writing, as confidential, either at the time of disclosure or, if ","12,4,11,10,21","8. STANDARD OF CARE: Recipient agrees to protect the Confidential Information using at least the same degree of care Recipient uses to protect its own Confidential Information, but in no event less than reasonable care. Recipient must notify Discloser promptly upon discovery that any Confidential In",9,ranking_failure_gold_beyond_top_k,
train::153::nda-1,Contradiction,All Confidential Information shall be expressly identified by the Disclosing Party.,1,"""Confidential information"" in the sense of this agreement is all the information of a financial, commercial, technical or other confidential nature, in particular all specifications, descriptions, drafts, drawings, constructions, cross-sections, samples, data, files, inventions, formulas, procedures","1,3,2,5,6","In particular, data in connection with accounting, such as balance sheets, interim balance sheets, reports, analyses, supporting documents and the like are confidential information as defined by the agreement.
II. Non-Disclosure Agreement
The Partner shall protect the confidential information disclo",7,ranking_failure_gold_beyond_top_k,
train::154::nda-15,Entailment,Agreement shall not grant Receiving Party any right to Confidential Information.,2,"7. No right or license whatsoever, expressed or implied, is granted by either Party to the other pursuant to this Agreement under any patent, patent application, copyright, trademark or other proprietary right now or hereafter held by or licensed to Provider.  No legal obligations, rights, relations","2,6,4,3,0","NOW THEREFORE, inconsideration of the foregoing and the mutual obligations and undertakings set forth below, the Parties hereto agree as follows:
1. The Preamble forms an integral part of this Agreement.
2. Definitions:
(a) “Confidential Information” means the information relating to the Purpose pro",7,ranking_failure_gold_beyond_top_k,
train::156::nda-15,Entailment,Agreement shall not grant Receiving Party any right to Confidential Information.,1,"(b) All information provided by either ""Party"" to the other party shall remain the sole and exclusive property of the Provider. ","2,4,1,5,7","PROTECTION OF CONFIDENTIAL INFORMATION - Both parties understand and acknowledge that the Confidential Information has been developed or obtained by stated parties by investment of significant time, effort and exposure, and that the confidential information is a valuable, special and unique asset of",6,ranking_failure_gold_beyond_top_k,
train::156::nda-10,Entailment,Receiving Party shall not disclose the fact that Agreement was agreed or negotiated.,1,"The terms and existence of this Agreement, the fact that Confidential Information has been made available hereunder, that discussions or negotiations are taking place concerning a potential business relationship involving the Parties and all the terms, conditions, and other facts with respect theret","4,5,7,2,6",AGREEMENT - This mutual non-circumvent and non-disclosure agreement is for the purpose of protecting new business developed jointly by the Parties therein. The Undersigned agree that they shall not use proprietary information or trade secrets unknown to the general public belonging to the Providing ,7,ranking_failure_gold_beyond_top_k,
train::160::nda-7,Entailment,"Receiving Party may share some Confidential Information with some third-parties (including consultants, agents and professional advisors).",2,"Each party has requested or may be receiving from the other party information of a non-public nature for use by each party and its officers, directors, agents, employees, and representatives, including financial and legal advisers and, if either party is a partnership, its partners (collectively, ""R","1,3,7,2,6","2.0 Confidential Information Defined
The parties acknowledge that, in the course of their consideration of and any concurrent or subsequent discussions between CVS and Vendor or their representatives relating to the Project, each party may receive certain non-public and confidential information from",6,ranking_failure_gold_beyond_top_k,
train::161::nda-15,Entailment,Agreement shall not grant Receiving Party any right to Confidential Information.,1,"Confidential Information disclosed by Discloser shall remain the property of such Discloser, and no license or other rights to such Discloser’s Confidential Information is granted or implied hereby. ","4,3,7,1,5","(d) not to reproduce or copy Confidential Information except to the extent necessary to further the Purpose.
Furthermore, the existence of any business negotiations, discussions or agreements in progress between the parties shall be kept confidential and shall not be disclosed without written approv",8,ranking_failure_gold_beyond_top_k,
train::163::nda-15,Entailment,Agreement shall not grant Receiving Party any right to Confidential Information.,1,Recipient may not assert any claim of title or ownership to the Proprietary Information or any portion thereof. ,"3,7,4,8,6","Subject to the foregoing exceptions, “Proprietary Information” also includes, without limitation, third-party information that Discloser has the right to disclose to Recipient. Nothing disclosed under this Agreement is considered Proprietary Information unless (a) it is received in a tangible form a",11,ranking_failure_gold_beyond_top_k,
train::163::nda-12,Entailment,Receiving Party may independently develop information similar to Confidential Information.,3,"(b) personnel, business practices, business policies, the terms of any agreements between the Parties, pricing information, information relating to research and development, know-how, methodologies, inventions, specifications, software, market analyses, research strategies, projections, forecasts, p","1,4,8,3,6","1. Scope. BMC and You (the “Parties”) desire to disclose certain confidential information in connection with (a) an existing business relationship, (b) the discussion or validation of business proposals or design concepts, or (c) a future business relationship (the “Purpose”).
2. Discloser and Recip",6,ranking_failure_gold_beyond_top_k,
train::166::nda-10,Entailment,Receiving Party shall not disclose the fact that Agreement was agreed or negotiated.,1,"14. Each party agrees to keep the existence and terms of this Agreement, and that the parties are having discussions related to the Opportunity, strictly confidential, and will not disclose the existence or terms of this Agreement, or that such discussions are taking place, to any third party withou","5,3,7,6,2","8. The receiving party shall not directly or indirectly contact any shareholders, officers, employees, affiliates, agents, lending institutions, customers or suppliers of the disclosing party in connection with a possible transaction involving the disclosing party without the prior written consent o",6,ranking_failure_gold_beyond_top_k,
train::170::nda-10,Entailment,Receiving Party shall not disclose the fact that Agreement was agreed or negotiated.,2,"Except as provided in Clause 4, each Party agrees that it will not, without the other Party’s prior written approval, disclose to any third party the fact that the Parties are discussing the Project.  The Parties acknowledge that the provisions of this Agreement shall apply in respect of the content","6,5,1,2,4","4.Notwithstanding Clause 2.1, the Receiving Party shall not be prevented from disclosing Confidential Information, where (i) such disclosure is in response to a valid order of a court or any other governmental body having jurisdiction over this Agreement or (ii) such disclosure is otherwise required",7,ranking_failure_gold_beyond_top_k,
train::174::nda-15,Entailment,Agreement shall not grant Receiving Party any right to Confidential Information.,4,"The Recipient acknowledges that the Confidential Information and Trade Secrets, and any intellectual property rights in the same (including copyright, design and patent rights) are the exclusive property of and will remain the exclusive property of Room2Rent. The Recipient acknowledges that any inve","1,7,2,5,3","1.2 Definitions
The following definitions apply unless the context requires otherwise:
""Confidential Information"" means all information of whatever nature directly or indirectly concerning the System, or related to, the affairs, business, finances, assets, transactions or trade secrets of Room2Rent ",7,ranking_failure_gold_beyond_top_k,
train::179::nda-2,Contradiction,Confidential Information shall only include technical information.,1,"To further the potential business relationship between AirWatch and Company (the “Purpose”), it is necessary and desirable that each party to this Agreement furnish the other party with certain proprietary information, which includes, but is not limited to that which relates to software, computer co","3,2,1,4,7","5. This Agreement, the resulting disclosure of Confidential Information and any subsequent discussions between the Parties shall not create any obligations other than those expressly stated herein and the parties shall not be obligated to enter into any further agreement relating to the Purpose. Not",8,ranking_failure_gold_beyond_top_k,
train::189::nda-1,Contradiction,All Confidential Information shall be expressly identified by the Disclosing Party.,1,"1. In this agreement, “Information” shall mean the whole or any portion of any knowledge, data or information relating to the activities or business of each party which may be in tangible or intangible form, expressed orally, in writing or in any other form (whether or not marked confidential) inclu","3,4,1,5,6","3. The Information of each party is and shall remain that party’s sole, exclusive and valuable property. Nothing in this Agreement or in any disclosures of Information by either party shall be construed as granting or conferring to the other party any license, rights, title or any interest whatsoeve",7,ranking_failure_gold_beyond_top_k,
train::189::nda-12,Entailment,Receiving Party may independently develop information similar to Confidential Information.,2,"5. The obligations contained herein shall not apply to Information which: (b) was independently developed or acquired by the receiving party, other than by a breach of this Agreement;","1,3,7,6,4","WHEREAS COMPANY A and COMPANY B intend to disclose to each other certain information for the development and marketing of communication, audio, security and other added value products (the “Purpose”); and
WHEREAS it is vital to the commercial interests of COMPANY A and COMPANY B that both parties re",6,ranking_failure_gold_beyond_top_k,
train::191::nda-13,Entailment,Receiving Party may acquire information similar to Confidential Information from a third party.,2,"The following shall not be considered Confidential Information:  (c) information that becomes known to the Receiving Party from a source other than the Disclosing Party, as demonstrated by appropriate documentation, without breach of any obligation of confidence by the Receiving Party; for the avoid","3,4,1,5,6","The Receiving Party shall not copy (in whole or in part), sell, assign, lease, license, disclose, give or otherwise transfer the Confidential Information or any copy thereof to any third party or otherwise use the Confidential Information other than for the purpose intended under this Agreement. The",6,ranking_failure_gold_beyond_top_k,
train::192::nda-12,Entailment,Receiving Party may independently develop information similar to Confidential Information.,2,"(d) can be demonstrated to have been independently developed by or on behalf of the RECIPIENT without the aid, application or use of any information provided by DISCLOSING PARTY; or Nothing in this Agreement shall be interpreted as placing any obligation of confidentiality and non-use by RECIPIENT w","2,1,6,5,8","Confidential Information includes, without limitation, information in tangible or intangible form relating to its installations, work and projects effectively carried out in such installations, accessible information by means of DISCLOSING PARTY's computer systems, including, without limitation, (i)",10,ranking_failure_gold_beyond_top_k,
train::192::nda-13,Entailment,Receiving Party may acquire information similar to Confidential Information from a third party.,2,"(c) can be demonstrated to have been rightfully received by the RECIPIENT after disclosure under this Agreement from an independent third party on a non-confidential basis having the legal right to make such disclosure, and who did not acquire it, directly or indirectly, from DISCLOSING PARTY under ","1,6,2,4,5","WHEREAS, both Parties to this Agreement consider the disclosure of the Confidential Information to the other to be necessary and desirable for the purpose of (hereinafter the “Purpose”); and
IV. WHEREAS, this Agreement is being entered into by and between the Parties in order to protect the confiden",9,ranking_failure_gold_beyond_top_k,
train::199::nda-1,Entailment,All Confidential Information shall be expressly identified by the Disclosing Party.,3,"(b) if initially disclosed orally, is identified as confidential at the time of disclosure and within thirty (30) days after such oral disclosure is reduced to writing and marked with a suitable restrictive legend (collectively, such information being hereinafter referred to as “Confidential Informa","5,4,2,3,6","8. In the event that a Receiving Party becomes aware that Confidential Information of a Disclosing Party is inadvertently or accidentally disclosed by it, the Receiving Party shall notify the Disclosing Party in writing within five (5) working days of the discovery of such disclosure, and shall take",8,ranking_failure_gold_beyond_top_k,
train::199::nda-3,Entailment,Confidential Information may include verbally conveyed information.,2,"(b) if initially disclosed orally, is identified as confidential at the time of disclosure and within thirty (30) days after such oral disclosure is reduced to writing and marked with a suitable restrictive legend (collectively, such information being hereinafter referred to as “Confidential Informa","5,2,6,4,3","8. In the event that a Receiving Party becomes aware that Confidential Information of a Disclosing Party is inadvertently or accidentally disclosed by it, the Receiving Party shall notify the Disclosing Party in writing within five (5) working days of the discovery of such disclosure, and shall take",8,ranking_failure_gold_beyond_top_k,
train::202::nda-17,Contradiction,Receiving Party may create a copy of some Confidential Information in some circumstances.,1,"All material containing Confidential Information furnished by or obtained from the disclosing party, including without limitation, magnetic tapes, documents, manuals, specifications, flowcharts, program listings and data file printouts, engineering drawings, architects plans, planning documents, (""t","2,7,1,6,4","(f) ""Receiving Party"" means the party receiving Confidential Information, including any individual or individuals and ""the recipient"" means the party receiving it in the particular case.
2 In connection with the Business Purpose it will be necessary for each party, either itself or through a third p",7,ranking_failure_gold_beyond_top_k,
train::209::nda-12,Entailment,Receiving Party may independently develop information similar to Confidential Information.,2,c. independently developed by the Receiving Party without the use of or reference to Proprietary Information; or 8. Nothing in this Agreement shall restrict the right of the Receiving Party to use or disclose information that is:,"3,2,1,6,8","5. The Receiving Party shall permit access to Proprietary Information only to (a) persons who have a need to know for the Purpose and are bona fide employees or contract labor personnel of the Receiving Party,(b) the Receiving Party's information technology system administrators and service provider",7,ranking_failure_gold_beyond_top_k,
train::209::nda-8,Entailment,"Receiving Party shall notify Disclosing Party in case Receiving Party is required by law, regulation or judicial process to disclose any Confidential Information.",4,"d. required to be disclosed by judicial process, provided that the Receiving Party promptly provides notice of such process to the Disclosing Party and cooperates with any efforts of the Disclosing Party to contest disclosure, limits disclosure to the extent strictly required, and otherwise continue","3,2,6,8,9","5. The Receiving Party shall permit access to Proprietary Information only to (a) persons who have a need to know for the Purpose and are bona fide employees or contract labor personnel of the Receiving Party,(b) the Receiving Party's information technology system administrators and service provider",7,ranking_failure_gold_beyond_top_k,
train::216::nda-10,Entailment,Receiving Party shall not disclose the fact that Agreement was agreed or negotiated.,1,"‘Confidential Information’ shall mean: in respect of Information provided in documentary or by way of a model or in other tangible form, Information which at the time of provision is marked or otherwise designated to show expressly or by necessary implication that it is imparted in confidence; and i","5,7,4,3,6","5. Exceptions to confidentiality obligations
The Receiving Party’s obligations under clause 2 shall not apply to Confidential Information that:
The Receiving Party possessed before the Disclosing Party disclosed it to the Receiving Party; Is or becomes publicly known, other than as a result of breac",7,ranking_failure_gold_beyond_top_k,
train::216::nda-12,Entailment,Receiving Party may independently develop information similar to Confidential Information.,2,"The Receiving Party’s obligations under clause 2 shall not apply to Confidential Information that: The Receiving Party possessed before the Disclosing Party disclosed it to the Receiving Party; Is or becomes publicly known, other than as a result of breach of the terms of this Agreement by the Recei","3,1,2,4,6","3. Disclosure to employees
The Receiving Party may disclose the Confidential Information to those of its officers, employees (together, ‘Authorised Persons’) who: reasonably need to receive the Confidential Information to enable the Receiving Party to achieve the Permitted Purpose; have been informe",6,ranking_failure_gold_beyond_top_k,
train::221::nda-17,Entailment,Receiving Party may create a copy of some Confidential Information in some circumstances.,1,"a. Recipient shall hold Confidential Information in confidence and use, reproduce and disclose the Confidential Information only to the extent reasonably required to facilitate a business relationship between the parties (the “Purpose”).","1,4,5,3,7","1. DEFINITIONS.
a. “Confidential Information” means any information regardless of form or medium, whether tangible or intangible, including any copies or fixations made thereof that is disclosed (or to which the Recipient is otherwise provided access) by Discloser that is proprietary or confidential",7,ranking_failure_gold_beyond_top_k,
train::221::nda-4,Entailment,Receiving Party shall not use any Confidential Information for any purpose other than the purposes stated in Agreement.,1,"a. Recipient shall hold Confidential Information in confidence and use, reproduce and disclose the Confidential Information only to the extent reasonably required to facilitate a business relationship between the parties (the “Purpose”).","3,4,1,7,8","Recipient shall not disclose the Confidential Information to any employees, contractors, or third parties except to those employees, contractors or third parties who have a need to know the Confidential Information to fulfill the Purpose, provided that: (i) Recipient shall be vicariously
liable for ",9,ranking_failure_gold_beyond_top_k,
train::222::nda-2,Contradiction,Confidential Information shall only include technical information.,4,"1.1 ""confidential information"" – is information which is confidential to FP and includes but is not limited to: 1.1.1 any information in respect of know-how, formulae, statistics, processes, systems, business methods, marketing, trading and merchandising methods and information, promotional and adve","4,1,2,3,5","4.1 The SP undertakes to FP that -
4.1.1 the SP will treat FP's confidential information as private and confidential and safeguard it accordingly;
4.1.2 the SP will not use (except as permitted in 3 above) or disclose or divulge or copy or reproduce or publish or circulate or reverse or engineer and",7,ranking_failure_gold_beyond_top_k,
train::222::nda-1,Contradiction,All Confidential Information shall be expressly identified by the Disclosing Party.,3,"1.1.6 generally, information that is disclosed in circumstances of confidence or would be understood by the Parties, exercising reasonable business judgement, to be confidential; 1.1 ""confidential information"" – is information which is confidential to FP and includes but is not limited to:","3,5,2,4,6","1.3 “SP” –
the party receiving confidential information in terms of this agreement;
1.4 “the Parties” –
FP and the SP.
2. PREAMBLE
The parties hereby declare that:
2.1 The Parties are conducting discussions with a view to concluding one or various agreements relative to the sale of FP to the SP.
2.2",6,ranking_failure_gold_beyond_top_k,
train::224::nda-15,Entailment,Agreement shall not grant Receiving Party any right to Confidential Information.,2,"The disclosing party’s Confidential Information shall remain the property of the disclosing party.  No license under any patent, trademark, copyright or other intellectual property or proprietary right is granted or implied to any information furnished by or on behalf of either party to the other pa","1,7,4,3,2","(a) For purposes of this Agreement, “Confidential Information” means any and all information (including, without limitation, all business, financial, commercial and technical information and data), in whatever form transmitted, whether tangible or intangible, that is disclosed, furnished or otherwis",7,ranking_failure_gold_beyond_top_k,
train::230::nda-7,Contradiction,"Receiving Party may share some Confidential Information with some third-parties (including consultants, agents and professional advisors).",2,"A. Except for the express written consent of OWNER, RECIPIENT agrees: 1. Not to use or disclose to another person or entity any confidential information of OWNER;","1,0,8,3,5","RECIPIENT agrees to receive such INFORMATION and to refrain from copying, disclosing, using, selling, or offering for sale any and all of said INFORMATION, other than at the request of OWNER, with the exceptions as provided in paragraph C herein. RECIPIENT agrees to keep confidential and refrain fro",6,ranking_failure_gold_beyond_top_k,
train::231::nda-5,Entailment,Receiving Party may share some Confidential Information with some of Receiving Party's employees.,2,1.3. An Agent of the Investor is an authorized person of the investor who has access to the Proprietary Information. 3.1. The Investor is authorized to grant access to the proprietary information only to those parties who require access to the proprietary information in realizing the investors’ righ,"2,1,7,6,5","The Proprietary Information does not include any publicly available information, the access to which was provided to the third parties by the Company without limitations, or in case if this information became public through no fault of the Investor in force of other circumstances, to relation of whi",6,ranking_failure_gold_beyond_top_k,
train::237::nda-10,Entailment,Receiving Party shall not disclose the fact that Agreement was agreed or negotiated.,1,"12. Neither party shall make news releases, public announcements, give interviews, issue or publish advertisements or publicize in any other manner whatsoever in connection with this Agreement, the contents / provisions thereof, other information relating to this Agreement, the Purpose, the Confiden","3,4,7,5,2","2. Notwithstanding any other provisions of this Agreement, each party acknowledges that confidential information shall not include any information which:
 Is or becomes known to public through no wrongful act; or
 Is already known to receiving Party from the third party without breach of this agre",7,ranking_failure_gold_beyond_top_k,
train::237::nda-20,Contradiction,Receiving Party may retain some Confidential Information even after the return or destruction of Confidential Information.,1,"8. Receiving Party agrees to return to Disclosing Party upon its written request, the Confidential Information, any copies of the Confidential Information (whether authorised or not) and any documents or items containing portions of the Confidential Information.","4,5,2,3,7","3. Receiving Party acknowledges that Confidential Information is valuable, proprietary and confidential. Unless otherwise expressly authorized by Disclosing Party, Receiving Party agrees to retain the Confidential Information in confidence for a period as stipulated in Clause 7 herein, and shall not",6,ranking_failure_gold_beyond_top_k,
train::245::nda-12,Entailment,Receiving Party may independently develop information similar to Confidential Information.,5,20. Independent Development: This Confidentiality  (4) information which the receiving party develops independently of the disclosure and such independent development can be shown by documentary evidence maintained contemporaneously with such development; or  The Disclosing Party understands and ack,"1,4,6,7,2","1. Each party may be provided with access to selected information (oral, written, or electronic) of the other which helps meet a regulatory purpose or business need, including, but not limited to, that information which relates or refers to: business planning; internal controls; computer, data proce",6,ranking_failure_gold_beyond_top_k,
train::245::nda-17,Entailment,Receiving Party may create a copy of some Confidential Information in some circumstances.,1,4. Neither party shall make copies of the Confidential Information except for those copies required for use by Authorized Persons in the performance of the Project. ,"4,1,7,6,2","In the event that a receiving party has or acquires actual knowledge of any breach of the confidentiality of, or the misappropriation of, any Confidential Information received under this Confidentiality Agreement, such party shall promptly give notice thereof to the other party.
5. Upon written dema",6,ranking_failure_gold_beyond_top_k,
train::245::nda-13,Entailment,Receiving Party may acquire information similar to Confidential Information from a third party.,5,"(3) information which is revealed to the receiving party by a third party, unless such party is under a duty of non-disclosure;  Agreement shall not be construed to limit the Receiving Party’s, or any of its Representatives’, right to independently develop or acquire products, services, or technolog","7,4,6,1,2","In either case, <Vendor Name Here> or Company shall furnish only that portion of the Confidential Information which the receiving party is legally required to disclose and shall exercise its reasonable efforts to obtain reliable assurance that confidential treatment shall be accorded the Confidentia",6,ranking_failure_gold_beyond_top_k,
train::247::nda-10,Entailment,Receiving Party shall not disclose the fact that Agreement was agreed or negotiated.,2,"(j) Not to discuss with any member of public, media, press, any or any other person about the nature of arrangement entered between the Auditor and the Auditee or the nature of services to be provided by Auditor to the Auditee. With respect to any Confidential Information disclosed to it or to which","9,12,7,2,8","7. Need to Know. Auditor shall restrict disclosure of such Confidential Information to its employees and/or consultants with a need to know (and advise such employees and/or consultants of the obligations assumed herein), shall use the Confidential Information only for the purposes set forth in the ",6,ranking_failure_gold_beyond_top_k,
train::249::nda-2,Contradiction,Confidential Information shall only include technical information.,2,"(b) “Evaluation Material” means any information or data concerning the Company or any of its Affiliates, whether in oral, visual, written, electronic or other form, that is disclosed to Buyer or any of its Representatives [before the date hereof,]6 now or in the future by or on behalf of the Company","7,22,8,3,10","Without the prior written consent of Buyer, neither the Company nor any of its Representatives shall make any disclosure to any other Person (other than its Representatives) of the fact that Buyer or any of its Representatives has requested or received Evaluation Material, conducted due diligence or",10,ranking_failure_gold_beyond_top_k,
train::249::nda-12,Entailment,Receiving Party may independently develop information similar to Confidential Information.,2,"Notwithstanding the foregoing, “Evaluation Material” does not include any information or data that:  (i) is or was independently developed by Buyer or any of its Representatives without the benefit of any Evaluation Material;7 ","8,5,10,7,9","(i) If Buyer or any of its Representatives or the Company or any of its Representatives (in the case of Discussions Disclosure) is requested or required by interrogatories, requests for information from a governmental, regulatory or supervisory authority, deposition, subpoena or similar legal proces",7,ranking_failure_gold_beyond_top_k,
train::249::nda-3,Entailment,Confidential Information may include verbally conveyed information.,2,"(b) “Evaluation Material” means any information or data concerning the Company or any of its Affiliates, whether in oral, visual, written, electronic or other form, that is disclosed to Buyer or any of its Representatives [before the date hereof,]6 now or in the future by or on behalf of the Company","8,10,7,5,6","(i) If Buyer or any of its Representatives or the Company or any of its Representatives (in the case of Discussions Disclosure) is requested or required by interrogatories, requests for information from a governmental, regulatory or supervisory authority, deposition, subpoena or similar legal proces",8,ranking_failure_gold_beyond_top_k,
train::249::nda-18,Entailment,Receiving Party shall not solicit some of Disclosing Party's representatives.,3,"Buyer agrees that, except with the prior written consent of the Company, it will not, and it will not permit any of its controlled Affiliates to, directly or indirectly, solicit for employment or hire any [employees/officers/senior management of the Company [first introduced to Buyer or any of its c","6,9,8,7,25","Without the prior written consent of the Company, neither the Buyer nor any of its Representatives shall: (i) make any disclosure to any other Person (other than its Representatives to whom disclosure is needed to facilitate the evaluation, negotiation and/or consummation of the Transaction) of (A) ",10,ranking_failure_gold_beyond_top_k,
train::249::nda-13,Entailment,Receiving Party may acquire information similar to Confidential Information from a third party.,3,"Representatives, so long as that source[, to Buyer’s knowledge after reasonable inquiry,]9 is not bound by a legal, contractual or fiduciary obligation of confidentiality to the Company; or  Notwithstanding the foregoing, “Evaluation Material” does not include any information or data that:  (iii) is","8,10,5,17,6","(i) If Buyer or any of its Representatives or the Company or any of its Representatives (in the case of Discussions Disclosure) is requested or required by interrogatories, requests for information from a governmental, regulatory or supervisory authority, deposition, subpoena or similar legal proces",9,ranking_failure_gold_beyond_top_k,
train::250::nda-10,Entailment,Receiving Party shall not disclose the fact that Agreement was agreed or negotiated.,2,"2.6 No Party shall make, or permit any person to make, any public announcement concerning this Agreement, the Purpose or its prospective interest in the Purpose without the prior written consent of the other Party (such consent not to be unreasonably withheld or delayed) except as required by law or","11,6,5,9,2","4.3 The disclosure of Confidential Information by the Disclosing Party shall not form any offer by, or representation or warranty on the part of, the Disclosing Party to enter into any further agreement in relation to the Purpose, or the development or supply of any product or service to which the C",7,ranking_failure_gold_beyond_top_k,
train::250::nda-2,Contradiction,Confidential Information shall only include technical information.,3,"“Confidential Information:” means all confidential information (however recorded, preserved or disclosed) disclosed by a Party or its Representatives to the other Party and that Party's Representatives including but not limited to: the fact that discussions and negotiations are taking place concerni","10,5,2,11,6","4.1 All Confidential Information shall remain the property of the Disclosing Party. Each Party reserves all rights in its Confidential Information. No rights, including, but not limited to, intellectual property rights, in respect of a party's Confidential Information are granted to the other Party ",7,ranking_failure_gold_beyond_top_k,
train::250::nda-4,Entailment,Receiving Party shall not use any Confidential Information for any purpose other than the purposes stated in Agreement.,2,"The Recipient shall keep the Disclosing Party's Confidential Information confidential and, except with the prior written consent of the Disclosing Party, shall: (a) not use or exploit the Confidential Information in any way except for the Purpose;","5,11,10,7,2","(b) not disclose or make available the Confidential Information in whole or in part to any third party, except as expressly permitted by this Agreement;
(c) not copy, reduce to writing or otherwise record the Confidential Information except as strictly necessary for the Purpose (and any such copies,",15,ranking_failure_gold_beyond_top_k,
train::256::nda-20,Contradiction,Receiving Party may retain some Confidential Information even after the return or destruction of Confidential Information.,1,"Volunteer further agrees that no copies, electronic or otherwise, notes or abstracts of the foregoing shall be retained and that all information will be returned not destroyed.","2,4,7,3,0","Without limiting the generality of the foregoing, the following are deemed Confidential Information:
 Ideas for research and development;
 Information submitted in the investigation of complaints or involving ethics cases;
 Computer records and software (including software that is proprietary to ",6,ranking_failure_gold_beyond_top_k,
train::256::nda-3,Entailment,Confidential Information may include verbally conveyed information.,1,"For purposes of this Agreement, “Confidential Information” means all information and materials, in whatever form, whether tangible or intangible, disclosed by the Certification Council for Professional Dog Trainers or any of its authorized representatives to Volunteer, or to which Volunteer otherwis","2,4,1,3,7","Without limiting the generality of the foregoing, the following are deemed Confidential Information:
 Ideas for research and development;
 Information submitted in the investigation of complaints or involving ethics cases;
 Computer records and software (including software that is proprietary to ",6,ranking_failure_gold_beyond_top_k,
train::257::nda-15,Entailment,Agreement shall not grant Receiving Party any right to Confidential Information.,2,"The Recipient shall not acquire any intellectual property rights under this Agreement except the limited right to use as set forth above.  The Recipient acknowledges that, as between the Owner and the Recipient, the Confidential Information and all related copyrights and other intellectual property ","6,3,4,1,2",The obligations of confidentiality shall survive indefinitely from the date of disclosure of the Proprietary Information. Any amendments must be in writing and signed by both parties. This Agreement shall be construed under the laws of the State of Florida. This Agreement shall not be assignable by ,6,ranking_failure_gold_beyond_top_k,
train::258::nda-15,Entailment,Agreement shall not grant Receiving Party any right to Confidential Information.,1,"Each Party hereby agrees that a Disclosing Party’s Confidential Information, and all copies and manifestations of the same, or in any way incorporating or reflecting same, including but not limited to all notes, data, reference materials, sketches, drawings, memoranda, documentation, computer files ","12,15,5,16,4","8. Exceptions. The confidentiality obligations under this Agreement shall not apply to, and the term ""Confidential Information"" shall specifically not include:
a) information which was, or at any time becomes, available in the public domain through no wrongful act of the Recipient or Recipient's Rep",11,ranking_failure_gold_beyond_top_k,
train::258::nda-12,Entailment,Receiving Party may independently develop information similar to Confidential Information.,2,"The confidentiality obligations under this Agreement shall not apply to, and the term ""Confidential Information"" shall specifically not include: c) information which is documented by the Recipient as having been developed independently by it without use, directly or indirectly, of the information re","11,3,10,4,15","d) any valuable, secret business information, other than Trade Secrets, including but not limited to all specifications, drawings, sketches, models, samples, reports, plans, forecasts, and all other technical, financial or business data that is designated or identified as confidential at the time of",8,ranking_failure_gold_beyond_top_k,
train::258::nda-13,Entailment,Receiving Party may acquire information similar to Confidential Information from a third party.,2,d) information which is documented by the Recipient as having been lawfully acquired by the Recipient from a source other than the Disclosing Party or its Representatives provided that such source is not bound by a confidentiality agreement with or other obligation of secrecy to the Disclosing Party,"10,5,15,3,4",c) any confidential and proprietary information which the Disclosing Party obtains from another person or entity under an obligation of confidence and which the Disclosing Party treats as proprietary; and,7,ranking_failure_gold_beyond_top_k,
train::268::nda-15,Entailment,Agreement shall not grant Receiving Party any right to Confidential Information.,1,"4. This Agreement shall not the construed as granting expressly or implied during the term of the Agreement or thereafter any rights in respect of any patent, copyright or other intellectual property right belonging to the Disclosing Party as necessary for the Purpose.","7,5,8,1,4","6. This Agreement supersedes all prior written or oral negotiations, commitments, agreement and understandings between the Parties relating to confidentiality and constitutes the entire agreement between the Parties with respect to confidentiality. The Agreement will not be deemed or construed to be",6,ranking_failure_gold_beyond_top_k,
train::273::nda-10,Entailment,Receiving Party shall not disclose the fact that Agreement was agreed or negotiated.,4,"(c) the existence and content of the discussions and negotiations between you and us (or our respective Representatives) and  Subject to paragraphs 4.2 and 4.3, neither party shall make any announcement relating to the Possible Transaction without the prior written consent of the other party. ""Confi","7,14,22,4,19","4.2 If either party is required by law or regulation or by any court of competent jurisdiction or by the rules, or at the request of, any applicable governmental, supervisory, stock exchange or regulatory body or organisation to make an announcement of the Possible Transaction or to disclose any Con",7,ranking_failure_gold_beyond_top_k,
train::273::nda-19,Entailment,Some obligations of Agreement may survive termination of Agreement.,1,"Any Confidential Information which, notwithstanding paragraph 5.1 is retained, will continue to be held subject to the terms of this agreement and you shall not further use or disclose to any person any such Confidential Information.","21,20,14,7,24","14.1 Each party acknowledges and agrees that damages alone would not be an adequate remedy for a breach of this agreement or breach of confidence and that the other party shall be entitled to seek the remedies of injunction, specific performance and other equitable relief for any threatened or actua",9,ranking_failure_gold_beyond_top_k,
train::274::nda-2,Contradiction,Confidential Information shall only include technical information.,1,"In consideration of the mutual covenants set out in this Agreement and for other good and valuable consideration (the receipt and sufficiency of which is hereby acknowledged by each of the Parties), and in order to protect certain administrative, financial, scientific, or technical information discl","2,4,1,3,6","6. NON-DISCLOSURE:
The Receiving Party shall not disclose Confidential Information to any third party individual, corporation, or other entity without prior written consent of the Disclosing Party and shall further limit the circulation and disclosure of Confidential Information within its own organ",7,ranking_failure_gold_beyond_top_k,
train::274::nda-4,Entailment,Receiving Party shall not use any Confidential Information for any purpose other than the purposes stated in Agreement.,1,The Party receiving the Confidential Information shall make use of the Confidential Information only for the following specific purpose(s):,"2,3,4,5,1","6. NON-DISCLOSURE:
The Receiving Party shall not disclose Confidential Information to any third party individual, corporation, or other entity without prior written consent of the Disclosing Party and shall further limit the circulation and disclosure of Confidential Information within its own organ",7,ranking_failure_gold_beyond_top_k,
train::287::nda-13,Entailment,Receiving Party may acquire information similar to Confidential Information from a third party.,2,"(iii) became known to Receiving Party from a source other than Disclosing Party other than by the breach of an obligation of confidentiality owed to Disclosing Party; (b) Confidential Information shall not include any information, however designated, that:","5,3,1,6,4","(d) Receiving Party shall notify the undersigned Disclosing Party immediately upon discovery of any unauthorized use or disclosure of Confidential Information or any other breach of this Agreement by Receiving Party and its employees and consultants, and will cooperate with Disclosing Party in every",6,ranking_failure_gold_beyond_top_k,
train::294::nda-10,Entailment,Receiving Party shall not disclose the fact that Agreement was agreed or negotiated.,1,"The Company agrees to keep the existence and nature of this Agreement confidential and not to use the same or the name of IHiS or of any other Affiliate of IHiS in any publicity, advertisement or other disclosure with regard to this Agreement without the prior written consent of IHiS, such consent n","5,15,16,1,21","(d) Notwithstanding any other provision to the contrary in this Agreement, any information relating or pertaining to the patients of IHIS’ Affiliates shall be deemed to be Confidential Information of IHIS. The Company shall ensure that none of the patients of IHIS’ Affiliates can be identified in an",9,ranking_failure_gold_beyond_top_k,
train::294::nda-7,Entailment,"Receiving Party may share some Confidential Information with some third-parties (including consultants, agents and professional advisors).",4,(f) not to disclose the same whether to its employees or to third parties except in confidence to such of its  Representatives who have been informed of the confidential nature thereof and who need to know the same for the Purpose and that: In consideration of the foregoing and the exchange and disc,"9,1,5,10,16","(g) to be responsible for the performance of sub-clauses (a) to (f) above on the part of its Representatives to whom the same is disclosed pursuant to sub-clause (f) above; and
(h) to apply to the Confidential Information disclosed no lesser security measures and degree of care than those which the ",8,ranking_failure_gold_beyond_top_k,
train::294::nda-5,Entailment,Receiving Party may share some Confidential Information with some of Receiving Party's employees.,4,(f) not to disclose the same whether to its employees or to third parties except in confidence to such of its  Representatives who have been informed of the confidential nature thereof and who need to know the same for the Purpose and that: In consideration of the foregoing and the exchange and disc,"10,16,1,5,3","3.4 The Company shall immediately notify IHiS of any unauthorised disclosure or use of the Confidential Information of which the Company becomes aware and will take all steps which IHiS may require in relation to such unauthorised disclosure or use.
3.5 Notwithstanding the foregoing, the Company sha",8,ranking_failure_gold_beyond_top_k,
train::297::nda-15,Entailment,Agreement shall not grant Receiving Party any right to Confidential Information.,3,"You acknowledge that the Confidential Information is a proprietary asset of the Company and its affiliates and agree that, as between you and the Company, the Company will retain proprietary rights in the Confidential Information and the disclosure of such Confidential Information shall not be deeme","4,2,9,11,13","The term “Confidential Information” shall not include such portions of the Confidential Information which: (i) are, or prior to the time of disclosure or utilization become, generally available to the public other than as a result of a disclosure by you or your Representatives; (ii) are received by ",7,ranking_failure_gold_beyond_top_k,
train::297::nda-18,Entailment,Receiving Party shall not solicit some of Disclosing Party's representatives.,1,"12. Non-Solicitation; No-Hire – Without prior written consent of the Company, for a period of two (2) years from the date of this NDA (the “Restriction Period”), the Potential Bidder, its Representatives, and its affiliates will not, either directly or indirectly, solicit for employment, employ, or ","9,2,4,11,8","5. No Disclosure of Transaction – The Potential Bidder and its Representatives will not, without our prior written consent, disclose to any person the fact that the Confidential Information has been made available, that this NDA has been entered into, that discussions or negotiations are taking plac",9,ranking_failure_gold_beyond_top_k,
train::298::nda-1,Contradiction,All Confidential Information shall be expressly identified by the Disclosing Party.,2,"1.1 “Confidential Information” means: (a) all and any information, documents, data and opinions disclosed by a Party to the other Party (or otherwise acquired by one Party pursuant to this Agreement) including without limitation commercial, financial or proprietary material, pricing information, dat","2,8,6,4,7","(c) analyses, compilations, studies and other documents prepared by the Parties, their officers, employees, agents, advisors or consultants which contain or otherwise reflect or are generated from the information specified in paragraphs (a) and (b) above; and samples, prototypes or models relating t",7,ranking_failure_gold_beyond_top_k,
train::303::nda-4,Entailment,Receiving Party shall not use any Confidential Information for any purpose other than the purposes stated in Agreement.,2,"2 Protection of Confidential Information: With respect to any Confidential Information disclosed to it or to which it has access, Auditor affirms that it shall: (a) Use the Confidential Information as necessary only in connection with scope of audit and in accordance with the terms and conditions co","6,2,5,4,11","(a) Which is independently developed by Auditor or lawfully received from another, source free of restriction and without breach of this Agreement; or
(b) After it has become generally available to the public without breach of this Agreement by Auditor; or
(c) Which at the time of disclosure to Audi",6,ranking_failure_gold_beyond_top_k,
train::304::nda-1,Entailment,All Confidential Information shall be expressly identified by the Disclosing Party.,2,"""Confidential Information"" is non-public information, know-how and trade secrets in any form that: Are designated in writing as “confidential” at the time of their disclosure and include: ","7,5,4,6,8",Each Party agrees that use of information in its Representatives’ unaided memories in the development or deployment of the Parties’ respective products or services does not create liability for that Party under this Agreement or trade secret law. Both Parties mutually agree to limit what each Party ,8,ranking_failure_gold_beyond_top_k,
train::304::nda-3,Entailment,Confidential Information may include verbally conveyed information.,1,"""Confidential Information"" is non-public information, know-how and trade secrets in any form that:","7,3,4,5,8",Each Party agrees that use of information in its Representatives’ unaided memories in the development or deployment of the Parties’ respective products or services does not create liability for that Party under this Agreement or trade secret law. Both Parties mutually agree to limit what each Party ,8,ranking_failure_gold_beyond_top_k,
train::305::nda-15,Entailment,Agreement shall not grant Receiving Party any right to Confidential Information.,3,"This right to use Residuals does not represent a license to any of Disclosing Participant’s patents, copyrights, trademarks, and/or mask work rights.  Each Participant shall retain all right, title and interest to such Participant’s Confidential Information and all intellectual property rights fixed","9,10,11,1,4","(i) any breach of this Agreement by the Receiving Participant, and
(ii) any unauthorized disclosure or use of Confidential Information by persons or entities to whom the Receiving Participant has the right to disclose Confidential Information under this Agreement,
EXCEPT THAT, TO THE FULL EXTENT PER",6,ranking_failure_gold_beyond_top_k,
train::305::nda-4,Contradiction,Receiving Party shall not use any Confidential Information for any purpose other than the purposes stated in Agreement.,2,"Notwithstanding anything herein to the contrary, a Participant may use Residuals for any purpose, including use in the development, manufacture, promotion, sale and maintenance of its products and services.  For purposes of this Agreement, the Open Mobile Alliance shall be viewed as a Participant, p","9,4,10,11,1","(i) any breach of this Agreement by the Receiving Participant, and
(ii) any unauthorized disclosure or use of Confidential Information by persons or entities to whom the Receiving Participant has the right to disclose Confidential Information under this Agreement,
EXCEPT THAT, TO THE FULL EXTENT PER",8,ranking_failure_gold_beyond_top_k,
train::309::nda-10,Entailment,Receiving Party shall not disclose the fact that Agreement was agreed or negotiated.,2,(d) “Information” means: (iii) the contents of this agreement.,"4,5,8,6,3","9. The confidentiality obligations and undertakings set out in this agreement do not apply to:
(a) information which now is or hereafter comes into the public domain, otherwise than by reason of a breach of this agreement; or
(b) information the disclosure of which is required by law provided that i",6,ranking_failure_gold_beyond_top_k,
train::309::nda-18,Entailment,Receiving Party shall not solicit some of Disclosing Party's representatives.,1,The Buyers agree that they will not (collectively or individually and/ or either directly or indirectly) solicit the employment or engagement or attempt to solicit the employment or engagement of the Key Personnel or otherwise employ or engage any of the Vendors Key Personnel (other than in the Targ,"5,2,8,1,4","10. The Disclosing Party makes no representation or warranty, express or implied, as to the accuracy, completeness or reasonableness of the Information or Materials, and the Recipient agrees that neither the Disclosing Party nor any of its respective directors, officers, employees, advisers and agen",10,ranking_failure_gold_beyond_top_k,
train::311::nda-12,Entailment,Receiving Party may independently develop information similar to Confidential Information.,2,"Information does not constitute Confidential Information if: (а) it is in the public domain or enters the public domain through no fault of The Company;  (d) it was independently developed by The Company without the use of the Confidential Information, which is confirmed by The Company’s documents. ","0,10,3,2,5","Non-Disclosure Agreement
 Moscow ___.___.2016
The Autonomous Non-profit Organization Local Organizing Committee-2018 (hereinafter «the Client») and The Company____________________________, (hereinafter «The Company») represented by_____________________, acting on________________________________,
see",9,ranking_failure_gold_beyond_top_k,
train::311::nda-13,Entailment,Receiving Party may acquire information similar to Confidential Information from a third party.,2,"Information does not constitute Confidential Information if: (а) it is in the public domain or enters the public domain through no fault of The Company;  (c) it was disclosed to The Company by a third party that has not assumed any non-disclosure undertakings before the Client, which is confirmed by","10,2,5,0,4","This Agreement represents the entire agreement of the Parties in respect of Confidential Information related to the Project and applies to the affiliates of each of the Parties. If the Client provides Confidential Information belonging to any of its affiliates, subsidiaries or third party, such indi",9,ranking_failure_gold_beyond_top_k,
train::313::nda-3,Entailment,Confidential Information may include verbally conveyed information.,4,"AGREEMENT between American Clinical Board of Nutrition (ACBN) and  __________________________________________  with an office at  __________________________________________ , which is entered for the purpose of setting forth the basis under which each party will furnish and or disclose to the other ","2,1,5,3,4",e) The information is being furnished and/or disclosed for the sole purpose of examining the feasibility of a contract or a business relationship between the individual(s) identified above and the information is not to be disseminated by the receiving party to any other individual or entity and is n,6,ranking_failure_gold_beyond_top_k,
train::314::nda-18,Entailment,Receiving Party shall not solicit some of Disclosing Party's representatives.,1,"The Receiving Party agrees that it will not, for a period of five (5) years from the date of this Agreement, initiate contact with the other Party's employees in order to solicit, entice or induce any employee of the other Party to terminate an employment relationship with the other Party to accept ","4,7,2,3,5","The Receiving Party further agrees that all inventions, improvements, copyrightable works and designs relating to machines, methods, compositions, or products of the other Party directly resulting from or relating to the Confidential Information and the right to market, use, license and franchise th",6,ranking_failure_gold_beyond_top_k,
train::316::nda-10,Entailment,Receiving Party shall not disclose the fact that Agreement was agreed or negotiated.,1,"1. “Confidential Information” shall mean information including, but not limited to, the existence of the discussions between the Company and Recipient or any third-party regarding future business relationships and information regarding the Company’s products, services, product designs, plans, roadma","3,2,0,5,6","2. Recipient agrees not to disclose Confidential Information to any third party, except as specifically authorized by this Agreement or as specifically authorized by the Company in writing. Recipient agrees to hold all of the Confidential Information in trust and confidence and agrees that it shall ",7,ranking_failure_gold_beyond_top_k,
train::317::nda-10,Contradiction,Receiving Party shall not disclose the fact that Agreement was agreed or negotiated.,1,"Notwithstanding the foregoing, the Parties agree that each Party shall be free to disclose the following without prior authorization of the other Party: the names of the Parties; the nature of the relationship established herein; and, the duration of the Agreement.","5,6,11,7,4","2.1 Receiving Party agrees that it shall not:
2.1.1 use any of the Disclosing Party’s Confidential Information for any reason other than the Purpose; or
2.1.2 disclose, disseminate or otherwise communicate, in whole or in part, any of Disclosing Party’s Confidential Information to any third party.
2",16,ranking_failure_gold_beyond_top_k,
train::317::nda-2,Contradiction,Confidential Information shall only include technical information.,1,"“Confidential Information” means any information which is confidential in nature or that is treated as confidential by a Party and that is furnished or transferred by or on behalf of such Party (the “Disclosing Party”) to the other Party (the “Receiving Party”), whether such information is or has be","3,7,4,6,1","Confidential Information disclosed in tangible or electronic form may be identified by Disclosing Party as confidential with conspicuous markings, or otherwise identified with a legend as being confidential. Where the information is disclosed verbally or visually and the Disclosing Party requires th",12,ranking_failure_gold_beyond_top_k,
train::317::nda-1,Contradiction,All Confidential Information shall be expressly identified by the Disclosing Party.,1,"Notwithstanding the foregoing, in no event shall the absence of such a mark, legend or verbal confirmation preclude disclosed information, or information accessed through discussions or site visits, which would be considered as confidential by a party exercising reasonable judgment from being treate","3,7,5,6,8","Confidential Information disclosed in tangible or electronic form may be identified by Disclosing Party as confidential with conspicuous markings, or otherwise identified with a legend as being confidential. Where the information is disclosed verbally or visually and the Disclosing Party requires th",8,ranking_failure_gold_beyond_top_k,
train::319::nda-15,Entailment,Agreement shall not grant Receiving Party any right to Confidential Information.,1,6.1.6 Title to the information and any copies thereof shall remain in the disclosing party.,"2,1,4,6,3","Note: Use or possession of cell phones, cameras, audio or video recording devices is prohibited inside the Patten Building, without the prior written permission of the TTC’s Revenue Operations Loss Prevention Section.
CLAUSE 2. USE AND DISCLOSURE OF CONFIDENTIAL INFORMATION
2.1 The Company shall:
2.",7,ranking_failure_gold_beyond_top_k,
train::319::nda-7,Contradiction,"Receiving Party may share some Confidential Information with some third-parties (including consultants, agents and professional advisors).",3,"Hold the Confidential Information in confidence and shall not sell, assign, transfer or otherwise disclose the Confidential Information, or any information or materials derived there from, to any third party without the prior consent of the TTC, save and except as otherwise provided herein; Restrict","4,1,5,3,8","3.1 Notwithstanding anything to the contrary herein, the Company’s confidentiality obligations shall not apply to Confidential Information that:
3.1.1 Is known to the Company at the time of disclosure;
3.1.2 Is independently developed by the Company provided that party can show that such development",6,ranking_failure_gold_beyond_top_k,
train::320::nda-11,Entailment,Receiving Party shall not reverse engineer any objects which embody Disclosing Party's Confidential Information.,2,"3.2) In consideration of the provision to it of, and its right to use, Samples, Petro-Lube agrees: 3.2.1) Not to analyze, or have analyzed, any Sample in order to determine its chemical structure or composition nor permit any third parties to do the same.","8,4,0,3,7","7.5) No term of this Agreement is enforceable under the Contracts (Rights of Third Parties) Act of 1999 by any person who is not a Party to this Agreement. The consent of any third party shall not be required for the variation or termination of this Agreement, even if that variation or termination a",9,ranking_failure_gold_beyond_top_k,
train::320::nda-4,Entailment,Receiving Party shall not use any Confidential Information for any purpose other than the purposes stated in Agreement.,2,"3.2) In consideration of the provision to it of, and its right to use, Samples, Petro-Lube agrees: 3.2.3) Not to use any Sample for any purpose other than to perform those Evaluations as directed by (Your Company Name).","8,4,0,7,3","7.5) No term of this Agreement is enforceable under the Contracts (Rights of Third Parties) Act of 1999 by any person who is not a Party to this Agreement. The consent of any third party shall not be required for the variation or termination of this Agreement, even if that variation or termination a",9,ranking_failure_gold_beyond_top_k,
train::323::nda-15,Entailment,Agreement shall not grant Receiving Party any right to Confidential Information.,2,"The Confidential Information shall be for the sole purpose of the Project and not for any other purpose and shall at all times remain the property of the Disclosing Party.  Further, the Receiving Party acknowledges that nothing contained in this Agreement shall be construed as a grant of any rights ","4,1,5,8,6","2.3 The Receiving Party shall not disclose any or part of the Confidential Information to any persons or parties, other than the Authorised Recipients, unless with the prior written consent of the Disclosing Party. Under such circumstances, the Receiving Party shall require such persons or parties t",7,ranking_failure_gold_beyond_top_k,
train::324::nda-15,Entailment,Agreement shall not grant Receiving Party any right to Confidential Information.,1,Neither this Agreement nor any disclosure of Non-Public Information grant Data Recipient any intellectual property rights or licenses to such information. ,"8,2,0,1,5","Data Recipient may not delegate its duties or obligations under this Agreement without prior written consent from WECC. Any attempt to do so is void.
c. This Agreement shall be for the sole benefit of WECC and any owner or submitter of the Non-Public Information. This Agreement shall be fully enforc",8,ranking_failure_gold_beyond_top_k,
train::325::nda-13,Entailment,Receiving Party may acquire information similar to Confidential Information from a third party.,2,This Agreement imposes no obligation on a Recipient with respect to Confidential Information that: (b) is rightfully received by the Recipient from a third party that has no applicable duty of confidentiality;,"3,1,2,5,8","2.5. In the event that any fact of Confidential Information disclosure to third parties becomes known to the Recipient, it will contact the Discloser immediately, advising of such a fact and of any actions it is taking to reduce the damage.
3. Permitted Use. Recipient shall keep Discloser’s Confiden",6,ranking_failure_gold_beyond_top_k,
train::327::nda-2,Contradiction,Confidential Information shall only include technical information.,1,"1.5 “Confidential Material” means all information, in any form or medium, known or used by City or an Affiliate of the City which is not known to the general public, including, but not limited to, the know-how, trade secrets, strategic plans, technical information, product information, supplier info","3,7,4,2,5","(b) disclose the Confidential Material only to those of the Recipient’s Team who have a definable need to know such information for Purpose, provided that such Recipient’s Team are bound by a confidentiality agreement with the Recipient no less restrictive than this Agreement, and in the event the e",6,ranking_failure_gold_beyond_top_k,
train::328::nda-15,Entailment,Agreement shall not grant Receiving Party any right to Confidential Information.,2,"E. Confidential Information disclosed or made available under this Agreement and any intellectual property or proprietary rights therein are and shall remain the property of CGSH.  Nothing in this Agreement shall be construed to imply the grant of any license to make, use or sell or otherwise commer","2,5,7,3,4",The Supplier agrees that it may only access and interact with any Confidential Information made available to it to the extent necessary for it to perform the Services.,7,ranking_failure_gold_beyond_top_k,
train::329::nda-18,Entailment,Receiving Party shall not solicit some of Disclosing Party's representatives.,4,"(a) directly or indirectly recruit (including as a director or consultant), solicit (including by contracting through an independent contractor, consultant or other third party) or otherwise induce any director, officer, employee or consultant of Owner or its Affiliates to terminate his or her direc","2,3,6,7,14","NOW, THEREFORE, for and in consideration of the mutual covenants and agreements contained herein and other good and valuable consideration, the receipt of which is hereby acknowledged, the Parties agree as follows:
A G R E E M E N T
1. Nondisclosure of Confidential Information.
(a) The Receiving Com",10,ranking_failure_gold_beyond_top_k,
train::332::nda-15,Entailment,Agreement shall not grant Receiving Party any right to Confidential Information.,1,10.1 KWSH does not intend nor does KWSH hereby transfer any intellectual property or other rights in the Confidential Information nor grant any licence in respect thereof by disclosing the same except as may be required for the purposes of this Agreement.,"3,9,2,1,4","(b) Information that is or becomes publicly available without the Participant's breach of this Agreement; and
(c) Information that KWSH has given or gives its written authorisation for release or use.
2. OBLIGATION OF CONFIDENTIALITY
2.1 In consideration of KWSH's disclosure of Confidential Informat",11,ranking_failure_gold_beyond_top_k,
train::332::nda-4,Entailment,Receiving Party shall not use any Confidential Information for any purpose other than the purposes stated in Agreement.,1,The Participant may use Confidential Information strictly in accordance with this Agreement and solely for the purpose of performing its obligations and responsibilities in relation to the Project.,"3,9,1,2,5","(b) Information that is or becomes publicly available without the Participant's breach of this Agreement; and
(c) Information that KWSH has given or gives its written authorisation for release or use.
2. OBLIGATION OF CONFIDENTIALITY
2.1 In consideration of KWSH's disclosure of Confidential Informat",6,ranking_failure_gold_beyond_top_k,
train::334::nda-15,Entailment,Agreement shall not grant Receiving Party any right to Confidential Information.,1,It is understood that neither this Agreement nor the disclosure of any Evaluation Material to the Recipient should be construed as granting to the Recipient or any of its Representatives any licence or rights in respect of any part of the Evaluation Material. ,"15,14,0,9,2","The Receiving Party further understands and agrees that: (i) the Disclosing Party shall be free to conduct any process with respect to any Transaction with any third party as they, in their sole discretion, shall determine, including, without limitation, negotiating with any prospective purchasers a",21,ranking_failure_gold_beyond_top_k,
train::334::nda-10,Entailment,Receiving Party shall not disclose the fact that Agreement was agreed or negotiated.,4,"Without the prior written consent of the Disclosing Party, the Recipient will not, and will direct its Representatives not to, disclose to any Person other than its Representatives:  (i) the fact that any investigations, discussions or negotiations are taking place concerning a possible Transaction;","15,14,0,11,9","The Receiving Party further understands and agrees that: (i) the Disclosing Party shall be free to conduct any process with respect to any Transaction with any third party as they, in their sole discretion, shall determine, including, without limitation, negotiating with any prospective purchasers a",11,ranking_failure_gold_beyond_top_k,
train::334::nda-2,Contradiction,Confidential Information shall only include technical information.,1,"“Evaluation Material” means all information (including information in the form not only of written information but also information which may be transmitted orally, visually or by any other means) provided to the Recipient by the Disclosing Party or any of its Representatives relating to the Disclos","12,0,7,2,3","12. Material Non-Public Information: The Recipient acknowledges that it is aware of the general nature of applicable securities laws, including, without limitation, all applicable securities laws that may prohibit any Person who has material, non-public information concerning the matters which are t",8,ranking_failure_gold_beyond_top_k,
train::334::nda-3,Entailment,Confidential Information may include verbally conveyed information.,1,"“Evaluation Material” means all information (including information in the form not only of written information but also information which may be transmitted orally, visually or by any other means) provided to the Recipient by the Disclosing Party or any of its Representatives relating to the Disclos","0,7,12,16,2","____________________________, 2017
____________________________
Attention: _____________________
Dear Sir/Madam:
Re: Possible Transaction between ______________________________ (“Recipient”) and Red River Oil Inc. (“Disclosing Party”)
This agreement (the “Confidentiality Agreement"") establishes the ",9,ranking_failure_gold_beyond_top_k,
train::335::nda-2,Contradiction,Confidential Information shall only include technical information.,5,"WHEREAS the Parties agree that Confidential Information of a Party might include, but not be limited to that Party’s:  (1) business plans, methods, and practices;  (2) personnel, customers, and suppliers;  (3) inventions, processes, methods, products, patent applications, and other proprietary right","1,2,4,3,5","1. Either Party may disclose Confidential Information to the other Party in confidence provided that the disclosing Party identifies such information as proprietary and confidential either by marking it, in the case of written materials, or, in the case of information that is disclosed orally or wri",6,ranking_failure_gold_beyond_top_k,
train::337::nda-15,Entailment,Agreement shall not grant Receiving Party any right to Confidential Information.,1,It is understood that nothing contained in this Agreement shall be construed as granting or conferring rights by license or otherwise in any Confidential Information disclosed to Receiving Party. ,"3,4,8,7,2",Confidential Information shall not include: (a) information which is or becomes publicly available other than as a result of a violation of this Agreement; (b) information which is or becomes available on a non-confidential basis from a source which is not known to the Receiving Party to be prohibit,7,ranking_failure_gold_beyond_top_k,
train::337::nda-10,Entailment,Receiving Party shall not disclose the fact that Agreement was agreed or negotiated.,1,"“Confidential Information” shall mean all information, regardless of the form in which it is communicated or maintained (whether oral, written, electronic or visual) and whether prepared by Company or otherwise, which is disclosed to Counterparty, regardless of whether such information is disclosed ","3,4,7,5,6",Confidential Information shall not include: (a) information which is or becomes publicly available other than as a result of a violation of this Agreement; (b) information which is or becomes available on a non-confidential basis from a source which is not known to the Receiving Party to be prohibit,11,ranking_failure_gold_beyond_top_k,
train::337::nda-1,Contradiction,All Confidential Information shall be expressly identified by the Disclosing Party.,1,"All information received from the Company shall be considered Confidential Information, unless it is specifically designated as non-proprietary and non-confidential.","1,4,12,7,5","WHEREAS, Company and Counterparty shall each be referred to as a “Party” and collectively as the “Parties”;
WHEREAS the Parties desire to hold discussions and exchange information regarding Counterparty’s equipment and/or services to Company related to wind energy facilities, solar energy facilities",8,ranking_failure_gold_beyond_top_k,
train::340::nda-2,Contradiction,Confidential Information shall only include technical information.,1,"WHEREAS, in the course of fulfilling the Purpose, the Parties may disclose to each other confidential and proprietary information, including but not limited to certain oral, written, electronic mail (e-mail), or computer information, documents, materials, models, analyses, and business plans concern","6,2,5,3,7","6. Rights. The supplying of Confidential Information shall not be considered to provide any license or proprietary rights, including any implied patent license or intellectual property rights in the property of the other by virtue of this Agreement.",6,ranking_failure_gold_beyond_top_k,
train::340::nda-19,Entailment,Some obligations of Agreement may survive termination of Agreement.,1,"This Agreement and Recipient’s duty to protect Confidential Information expires the longer of three (3) years from the date set forth above or after the conclusion of the Decommissioning of SONGS is completed, unless the Parties agree in writing to a different term.","8,7,10,9,2","9. Remedies. Recipient acknowledges and agrees that in the event of any breach of this Agreement, the Disclosing Party would be irreparably and immediately harmed and could not be made whole by monetary damages. It is accordingly agreed that Disclosing Party, in addition to any other remedy to which",11,ranking_failure_gold_beyond_top_k,
train::341::nda-10,Entailment,Receiving Party shall not disclose the fact that Agreement was agreed or negotiated.,1,"For the sake of clarity, the fact that the Seller is considering selling the Target, and the existence and contents of this Agreement, are deemed to be Confidential Information.","4,6,9,1,8","3. The Receiving Party undertakes not to disclose Confidential Information to other persons, except the employees of the Receiving Party listed in Annex 1 to this Agreement that need to possess such information in order to achieve the purposes specified in Section 2 of this Agreement and who have si",12,ranking_failure_gold_beyond_top_k,
train::341::nda-1,Contradiction,All Confidential Information shall be expressly identified by the Disclosing Party.,1,"Confidential Information means any information and documents (whether or not designated as confidential), including, without limitation, financial, tax, commercial, corporate, legal, technical, operational, management, business and other information and documents concerning the Target or any of thei","7,4,1,11,0","10. If disclosure (transfer, announcement) of Confidential Information is required from the Receiving Party and/or its representatives by a court or another governmental body, the Receiving Party shall promptly, but in any event before the disclosure (or transfer/announcement) of the Confidential In",9,ranking_failure_gold_beyond_top_k,
train::341::nda-13,Entailment,Receiving Party may acquire information similar to Confidential Information from a third party.,2,"9. Provisions of this Agreement do not refer to the Confidential Information which: • was received by the Receiving Party lawfully from a third party after its disclosure (transfer, announcement) by the Disclosing Party pursuant to the terms of this Agreement, provided that the Receiving Party can p","4,1,7,2,3","3. The Receiving Party undertakes not to disclose Confidential Information to other persons, except the employees of the Receiving Party listed in Annex 1 to this Agreement that need to possess such information in order to achieve the purposes specified in Section 2 of this Agreement and who have si",6,ranking_failure_gold_beyond_top_k,
train::342::nda-4,Entailment,Receiving Party shall not use any Confidential Information for any purpose other than the purposes stated in Agreement.,1,"Confidential Information shall be used solely for the Purpose, and the Parties agree that it shall only disclose Confidential Information to those employees and consultants who have a need to know such Confidential Information in furtherance of the Purpose. ","3,5,4,2,7","3. The obligations of confidentiality under this Agreement shall not apply to any information that: (a) was previously known to the Parties free of any obligation to keep it confidential; (b) is or has become publicly known, through no wrongful act of either Party; (c) was rightfully received from a",6,ranking_failure_gold_beyond_top_k,
train::343::nda-10,Entailment,Receiving Party shall not disclose the fact that Agreement was agreed or negotiated.,1,Neither party will make or permit to be made any announcement or disclosure of its prospective interest in the Proposal without the prior written consent of the other party.,"4,3,8,5,6","2.1 All Confidential Information given by one party to this Agreement (the “Disclosing Party”) to the other party (the “Receiving Party”) will be treated by the Receiving Party as secret and confidential and will not, without the Disclosing Party’s written consent, directly or indirectly communicate",10,ranking_failure_gold_beyond_top_k,
train::344::nda-10,Entailment,Receiving Party shall not disclose the fact that Agreement was agreed or negotiated.,3,"For purposes hereof, the information specified in this Section 17 shall be deemed Confidential Information of each party hereunder. Without the other party’s prior written approval, neither party will  (a) make or provide any public or private statement or disclosure to any other person (other than ","7,5,6,3,10","Neither party shall be under any obligation hereunder to continue any discussions or negotiations regarding the Potential Transaction and either party may terminate such discussions or negotiations at any time without liability hereunder. Moreover, unless and until a definitive written agreement is ",10,ranking_failure_gold_beyond_top_k,
train::346::nda-1,Contradiction,All Confidential Information shall be expressly identified by the Disclosing Party.,4,"""Confidential Information"" means all confidential information (however recorded, preserved or disclosed) disclosed or made available by the Discloser or any of its Representatives to the Recipient or any of its Representatives including but not limited to: (a) any information that is marked, or at t","5,4,3,6,2","4.2 The Recipient or its Representatives may disclose the Discloser's Confidential Information to the extent such Confidential Information is required to be disclosed by law, by any governmental or other regulatory authority, or by a court or other authority of competent jurisdiction provided that, ",6,ranking_failure_gold_beyond_top_k,
train::346::nda-3,Entailment,Confidential Information may include verbally conveyed information.,1,"""Confidential Information"" means all confidential information (however recorded, preserved or disclosed) disclosed or made available by the Discloser or any of its Representatives to the Recipient or any of its Representatives including but not limited to:","5,4,3,1,2","4.2 The Recipient or its Representatives may disclose the Discloser's Confidential Information to the extent such Confidential Information is required to be disclosed by law, by any governmental or other regulatory authority, or by a court or other authority of competent jurisdiction provided that, ",7,ranking_failure_gold_beyond_top_k,
train::349::nda-15,Entailment,Agreement shall not grant Receiving Party any right to Confidential Information.,2,"The Disclosing Party shall retain the sole ownership and right to possess its Confidential Information, and any derivatives thereof.  No license is granted to the Recipient under any patents, copyrights, mask work rights or other proprietary rights by the disclosure of any information hereunder, nor","3,9,12,0,2",4. Use Limitations. The Recipient (i) agrees not to use the Confidential Information for its own use or for any purposes except the Authorized Purpose expressly set forth above; (ii) shall not use the Confidential Information for purposes of unfair or improper competition; and (iii) agrees not to co,11,ranking_failure_gold_beyond_top_k,
train::349::nda-10,Entailment,Receiving Party shall not disclose the fact that Agreement was agreed or negotiated.,2,"“Confidential Information” means any information, technical data, or know-how (including, but not limited to, information relating to research, products, software, services, development, inventions, processes, engineering, marketing, techniques, customers, pricing, internal procedures, business and ","7,0,9,4,3","9. Remedies. The Recipient understands and agrees that the Disclosing Party is providing the Confidential Information to the Recipient in reliance upon this Agreement, and the Recipient will be fully responsible to the Disclosing Party for any damages or harm caused to the Disclosing Party by a brea",11,ranking_failure_gold_beyond_top_k,
train::349::nda-1,Contradiction,All Confidential Information shall be expressly identified by the Disclosing Party.,5,"“Confidential Information” means any information, technical data, or know-how (including, but not limited to, information relating to research, products, software, services, development, inventions, processes, engineering, marketing, techniques, customers, pricing, internal procedures, business and ","4,7,0,6,2","In such instance(s), the Representatives (i) shall be made aware that the Confidential Information is confidential; and (ii) that such Representatives’ disclosure of the Confidential Information is restricted as set forth herein. Notwithstanding the foregoing, the Recipient may disclose the Disclosi",7,ranking_failure_gold_beyond_top_k,
train::349::nda-5,Entailment,Receiving Party may share some Confidential Information with some of Receiving Party's employees.,1,"The Recipient agrees not to disclose the Confidential Information to any third parties or to any of its employees, directors, officers, agents, contractors, consultants, advisors, or other representatives (collectively “Representatives”), except those Representatives who have a need to know the Conf","4,7,0,9,2","In such instance(s), the Representatives (i) shall be made aware that the Confidential Information is confidential; and (ii) that such Representatives’ disclosure of the Confidential Information is restricted as set forth herein. Notwithstanding the foregoing, the Recipient may disclose the Disclosi",7,ranking_failure_gold_beyond_top_k,
train::353::nda-3,Entailment,Confidential Information may include verbally conveyed information.,2,"THAT the potential Franchisee recognizes that the Franchisor is asking them to refrain from discussing the Franchise project and from disclosing any information (be it by written, oral, or electronic channels) to a third party (as described below), even if the information is known to the general pub","3,4,5,0,2","(b) “Confidential information” refers to and encompasses any information acquired or received by the potential Franchisee from or concerning the Franchisor, including, without limiting the generality of the foregoing:
i. any information concerning the Franchise, even if this information is known or ",7,ranking_failure_gold_beyond_top_k,
train::355::nda-13,Entailment,Receiving Party may acquire information similar to Confidential Information from a third party.,3,"(b) The term “Confidential Information” does not include information which  (i) is common knowledge with respect to companies operating in the industry in which the Disclosing Party conducts its business,  (iv) becomes available to the Receiving Party on a non-confidential basis from a source other ","1,6,7,3,5","WHEREAS, in connection with the consideration and/or negotiation of a possible business relationship, agreement or transaction between the Parties (each, a “Possible Transaction”), each of the Parties (each a “Disclosing Party”) is prepared to make available to the other Party (the “Receiving Party”",6,ranking_failure_gold_beyond_top_k,
train::356::nda-15,Entailment,Agreement shall not grant Receiving Party any right to Confidential Information.,2,"o. Other than as expressly specified herein,  Discloser grants no license to Recipient under any copyrights, patents, trademarks, trade secrets or other proprietary rights to use or reproduce Confidential Information. ","2,5,1,3,6","2. was generally known in the trade or business practiced by Discloser at the time of disclosure through no act of Recipient;
3. has come into the possession of Recipient without confidentiality restrictions from a third party and such third party is under no obligation to Discloser to maintain the ",7,ranking_failure_gold_beyond_top_k,
train::356::nda-4,Entailment,Receiving Party shall not use any Confidential Information for any purpose other than the purposes stated in Agreement.,1,e. Recipient shall have the right to use Confidential Information solely for the purpose(s) specified within this agreement [“Permitted Purpose(s)”].,"2,6,5,0,4","2. was generally known in the trade or business practiced by Discloser at the time of disclosure through no act of Recipient;
3. has come into the possession of Recipient without confidentiality restrictions from a third party and such third party is under no obligation to Discloser to maintain the ",7,ranking_failure_gold_beyond_top_k,
train::362::nda-10,Entailment,Receiving Party shall not disclose the fact that Agreement was agreed or negotiated.,1,"Each party agrees not to publicize or disclose the existence or terms of this Agreement to any third party without the prior consent of the other party except as required by law (in which case, the party seeking to disclose the information shall give reasonable notice to the other party of its inten","6,5,8,1,2","The Disclosing Party has no obligation under this Agreement to purchase or sell any service or item from or to the Receiving Party.
The terms of confidentiality under this Agreement shall not be construed to limit either party’s right to independently develop or acquire products without use of the o",7,ranking_failure_gold_beyond_top_k,
train::364::nda-15,Entailment,Agreement shall not grant Receiving Party any right to Confidential Information.,1,Neither this Agreement nor any disclosure of Non-Public Information grant Data Recipient any intellectual property rights or licenses to such information. ,"2,8,0,1,3","Data Recipient agrees to take all necessary precautions to maintain the confidentiality of the Non-Public Information and to prevent unauthorized access to it.
b. Data Recipient agrees to not make available, disclose, provide or communicate Non-Public Information to any entity or individual, except:",8,ranking_failure_gold_beyond_top_k,
train::366::nda-2,Contradiction,Confidential Information shall only include technical information.,3,"(2) personnel, customers, and suppliers;  WHEREAS the Parties agree that Confidential Information of a Party might include, but not be limited to that Party’s:  (1) business plans, methods, and practices; ","1,2,4,3,5","1. Either Party may disclose Confidential Information to the other Party in confidence provided that the disclosing Party identifies such information as proprietary and confidential either by marking it, in the case of written materials, or, in the case of information that is disclosed orally or wri",6,ranking_failure_gold_beyond_top_k,
train::371::nda-2,Contradiction,Confidential Information shall only include technical information.,1,"“Proprietary Information” means confidential, non-public or other proprietary information including, without limitation, trade secrets, technical information, including algorithms, code, data, designs, documentation, drawings, formulae, hardware, software, know-how, ideas, inventions, whether patent","2,5,3,8,6","Proprietary Information shall not include information which: (i) is or becomes a part of the public domain without any action by, or involvement of, Recipient, its Affiliates, or its or their Authorized Parties; (ii) is received by Recipient, its Affiliates, or its or their Authorized Parties from a",7,ranking_failure_gold_beyond_top_k,
train::376::nda-12,Entailment,Receiving Party may independently develop information similar to Confidential Information.,3,(5) is independently developed by an employee of the Receiving Party who has not had access to the information disclosed hereunder. Such Proprietary  Information shall not include information which ,"7,5,2,6,4","4. Immediately upon a request by the Disclosing Party at any time, the Receiving Party will turn over to the Disclosing Party all Proprietary Information of the Disclosing Party and all documents or media containing any such Proprietary Information and any and all copies or extracts thereof or upon ",6,ranking_failure_gold_beyond_top_k,
train::379::nda-15,Entailment,Agreement shall not grant Receiving Party any right to Confidential Information.,2,"5. Each party shall retain ownership of all Confidential Information and intellectual property it had prior to commencement of the discussions and evaluation referred to in this Agreement, but WAYNE FUELING SYSTEMS LLC shall own exclusively all rights in ideas, inventions, works of authorship, strat","2,5,7,3,4","2. The Receiving Party agrees, except as required by law, to: (i) protect the confidentiality of the other party’s Confidential Information in whatever form maintained, including any notes, summaries, reports, analyses or other material derived by the Receiving Party, its Affiliates, or its or their",11,ranking_failure_gold_beyond_top_k,
train::379::nda-1,Contradiction,All Confidential Information shall be expressly identified by the Disclosing Party.,1,"Confidential Information also includes, but is not limited to, personal data as defined in this Agreement or by applicable law, whichever is broader, and personal data shall not be required to be marked “Confidential” or “Proprietary” to be treated as Confidential Information under this Agreement. ","7,5,2,0,3","6. If either party or any of their respective Affiliates or Authorized Parties is requested or required, by interrogatories, subpoena or similar legal process, to disclose any Confidential Information or Notes, such party agrees to provide the Disclosing Party with prompt notice of each such request",7,ranking_failure_gold_beyond_top_k,
train::379::nda-12,Entailment,Receiving Party may independently develop information similar to Confidential Information.,2,"3. This Agreement shall be inoperative as to particular portions of the Confidential Information disclosed by the Disclosing Party if such information:  (iv) was independently developed by the Receiving Party, its Affiliates, or its or their Authorized Parties, without reference to the Confidential ","7,2,3,5,1","6. If either party or any of their respective Affiliates or Authorized Parties is requested or required, by interrogatories, subpoena or similar legal process, to disclose any Confidential Information or Notes, such party agrees to provide the Disclosing Party with prompt notice of each such request",7,ranking_failure_gold_beyond_top_k,
train::379::nda-3,Entailment,Confidential Information may include verbally conveyed information.,3,"“Confidential Information” as used in this agreement (the “Agreement”) shall mean all such information that is or has been disclosed by the Disclosing Party or its Affiliates (defined below):  (ii) orally or visually, and then followed within ten (10) working days thereafter with a disclosure comply","7,3,5,2,1","6. If either party or any of their respective Affiliates or Authorized Parties is requested or required, by interrogatories, subpoena or similar legal process, to disclose any Confidential Information or Notes, such party agrees to provide the Disclosing Party with prompt notice of each such request",6,ranking_failure_gold_beyond_top_k,
train::379::nda-13,Entailment,Receiving Party may acquire information similar to Confidential Information from a third party.,2,"3. This Agreement shall be inoperative as to particular portions of the Confidential Information disclosed by the Disclosing Party if such information:  (iii) is or becomes available to the Receiving Party, its Affiliates, or its or their Authorized Parties on a non-confidential basis from a source ","3,2,7,5,9","The Receiving Party further agrees that prior to disclosing any Confidential Information to its Affiliates, or its or their Authorized Parties, as allowed hereunder, such Affiliates and/or Authorized Parties will be advised of the confidential nature of the Confidential Information, provided a copy ",6,ranking_failure_gold_beyond_top_k,
train::384::nda-2,Contradiction,Confidential Information shall only include technical information.,1,"1. Each party agrees that all information disclosed by a party (the ""Disclosing Party""), including without limitation information acquired by the other party (the ""Receiving Party"") from Disclosing Party's employees or upon inspection of Disclosing Party's property, relating (without limitation) to ","1,2,5,3,7","2. Confidential Information shall not include information which recipient is able to prove by documentary evidence (a) is now or subsequently becomes generally known or available by publication, commercial or otherwise, through no fault of the Receiving Party, (b) was known by the recipient at the t",7,ranking_failure_gold_beyond_top_k,
train::385::nda-18,Entailment,Receiving Party shall not solicit some of Disclosing Party's representatives.,1,"The Company and Plasma-Therm agree that, without the prior written consent of the other, it will not, for a period of six months after the date of this agreement, solicit, attempt to divert or entice away or knowingly hire any person who is an employee of the other or any of its Affiliates on the da","5,3,2,4,6","The Receiving Party and its Representatives hereby agree to use their best efforts to prevent inadvertent disclosure of Confidential Information to others. The Receiving Party agrees to treat the Confidential Information with at least the degree of care that it treats similar materials of its own, o",7,ranking_failure_gold_beyond_top_k,
train::388::nda-19,Entailment,Some obligations of Agreement may survive termination of Agreement.,1,The obligations of each receiving party hereunder with respect to the non-disclosure and use of the disclosing party's Confidential Information shall survive until such time as all such Confidential Information disclosed hereunder becomes publicly known and made generally available through no action,"6,2,4,1,3","This Agreement constitutes the entire agreement between the parties with respect to the subject matter hereof and supersedes any prior or contemporaneous agreements or understandings, written or oral, concerning the subject matter hereof. This Agreement may be amended, modified or revoked only by a ",6,ranking_failure_gold_beyond_top_k,
train::403::nda-15,Entailment,Agreement shall not grant Receiving Party any right to Confidential Information.,1,"At any time upon NIM's request, Seller shall turn over to NIM all books, notes, memoranda, manuals, notebooks, records and other documents made, compiled by, delivered to, or in the possession or control of Seller containing or concerning any Confidential Information, including all copies thereof, i","6,4,9,7,1","As used in this Agreement, the term ""Confidential Information"" means any information or compilation of information not generally known to the public or the industry, that is proprietary or confidential to NIM, its Affiliates and/or those doing business with NIM and/or its Affiliates, including but n",6,ranking_failure_gold_beyond_top_k,
train::403::nda-19,Entailment,Some obligations of Agreement may survive termination of Agreement.,1,"Seller agrees that following the termination of Seller's employment or consulting period with NIM or any Affiliate of NIM and for all times thereafter, he shall keep secret all such Confidential Information and that he will not, directly or indirectly, use for his own benefit or for the benefit of o","13,8,9,1,11","(F) Recovery of Attorneys' Fees and Costs. If any action for breach of or to enforce the provisions of this Agreement is commenced, the court in such action shall award to the party in whose favor a judgment is entered, a reasonable sum as attorneys' fees and costs. Such attorneys' fees and costs sh",8,ranking_failure_gold_beyond_top_k,
train::404::nda-19,Entailment,Some obligations of Agreement may survive termination of Agreement.,1,Any oral Confidential Information will continue to be held subject to this Agreement.,"13,11,12,10,9","13. No Further Obligations or Agreements Hereunder. Neither party shall be under any obligation to enter into any further agreements with the other Party as a result of this Agreement. Each Party reserves the right, in its sole discretion, to decline to make, to retract or to reject at any time any ",12,ranking_failure_gold_beyond_top_k,
train::404::nda-18,Entailment,Receiving Party shall not solicit some of Disclosing Party's representatives.,1,"(b) Buyer agrees that, for a period of two years from the date of this Agreement, neither Buyer nor any subsidiary or affiliate of Buyer will solicit for employment any executive officer or senior employee of CBL; provided, however, ","5,3,6,4,8","(b) Neither party will (except as required by applicable law, regulation or legal process, and only after compliance with paragraph 3(c) below), without the prior written consent of the other Party, disclose to any person the fact that the Confidential Information exists or has been made available, ",7,ranking_failure_gold_beyond_top_k,
train::404::nda-5,Entailment,Receiving Party may share some Confidential Information with some of Receiving Party's employees.,2,"The Reviewer further agrees not to disclose, directly or indirectly, any of the Confidential Information to any third party without the prior written consent of the Provider, other than to the following (collectively, the ""REPRESENTATIVES""):  (i) the Reviewer's directors, officer and employees (incl","1,2,5,3,0","NOW, THEREFORE, for good and valuable consideration, the sufficiency and receipt of which is hereby acknowledged, the Parties agree as follows:
1. Confidential Information",6,ranking_failure_gold_beyond_top_k,
train::407::nda-15,Entailment,Agreement shall not grant Receiving Party any right to Confidential Information.,1,"All written Confidential Information delivered by or on behalf of MCI to the Company pursuant to this Agreement shall be and remain the property of MCI and upon the written request of MCI, the Company shall ","4,6,7,2,3","2. NON-DISCLOSURE OF NEGOTIATIONS OR AGREEMENTS. Except as required by law, neither the Company nor its Representatives shall disclose to any person the existence, status or terms of any discussions, negotiations or agreements concerning a possible Transaction, including without limitation any offer",9,ranking_failure_gold_beyond_top_k,
train::407::nda-19,Entailment,Some obligations of Agreement may survive termination of Agreement.,1,"Notwithstanding the return or destruction of the Confidential Information, the Company and its Representatives will continue to be bound by the confidentiality and other obligations hereunder, until the expiration of three years from the date of this Agreement, unless a lesser duration is specified ","10,13,12,7,11","The Company agrees that, until the expiration of two years from the date of this Agreement, without the prior written invitation (on an unsolicited basis) of MCI's Board of Directors, it and its affiliates will not (i) in any manner acquire, agree to acquire or make any proposal or offer or otherwis",7,ranking_failure_gold_beyond_top_k,
train::407::nda-13,Entailment,Receiving Party may acquire information similar to Confidential Information from a third party.,2,"The term ""Confidential Information"" does not include information that  (ii) was or becomes available to the Company from a source other than MCI or its Representatives, provided that such source is not known by the Company to be bound by an obligation of confidentiality to MCI or its Representatives","3,1,2,5,9","(b) If the Company or its Representatives is requested (by interrogatories, requests for information or documents, subpoena, civil investigative demand or similar process) to disclose any Confidential Information, it is agreed that the Company will provide MCI with prompt notice of such request so t",6,ranking_failure_gold_beyond_top_k,
train::409::nda-12,Entailment,Receiving Party may independently develop information similar to Confidential Information.,2,"The term ""Evaluation Materials"" does not include information which  (iii) is independently developed by you.","1,6,3,4,5","In consideration of the Company furnishing you with the Evaluation Materials (as defined below) you agree as follows:
Confidentiality of Evaluation Materials
You will treat confidentially any information (whether written or oral) that either the Company or its representatives furnish to you in conne",6,ranking_failure_gold_beyond_top_k,
train::409::nda-13,Entailment,Receiving Party may acquire information similar to Confidential Information from a third party.,2,"The term ""Evaluation Materials"" does not include information which  (ii) was or becomes available to you on a non-confidential basis from a source other than the Company or its representatives, provided that such source is not prohibited from disclosing such information to you by a contractual, lega","4,1,6,3,5","Other than with respect to those Evaluation Materials you have been advised by counsel are required to be disclosed under applicable securities laws, in the event that you or any of your representatives receive a request or are required (by deposition, interrogatory, request for documents, subpoena,",8,ranking_failure_gold_beyond_top_k,
train::410::nda-17,Entailment,Receiving Party may create a copy of some Confidential Information in some circumstances.,1,5. Proprietary Information supplied under this Agreement shall only be reproduced when legitimately required for Recipient's purposes and in conformity with the provisions hereof.,"4,5,2,3,8","In the event that Recipient or its Representatives are requested or required (by oral questions, interrogatories, requests for information or documents in legal proceedings, subpoena, civil investigation demand or other similar process) or required by the rules of any relevant stock exchange or othe",6,ranking_failure_gold_beyond_top_k,
train::421::nda-11,Entailment,Receiving Party shall not reverse engineer any objects which embody Disclosing Party's Confidential Information.,1,"Master Distributor further agrees not to copy, reverse engineer, disassemble, decompile or otherwise reproduce any Product or its equivalent, in whole or in part.","9,11,12,7,15","(i) derives independent economic value, actual or potential, from not being generally known to, and not being readily ascertainable through proper means by, other persons who can obtain economic value from its disclosure or use, and
(ii) is the subject of efforts that are reasonable under the circum",6,ranking_failure_gold_beyond_top_k,
train::421::nda-15,Entailment,Agreement shall not grant Receiving Party any right to Confidential Information.,1,"Master Distributor agrees and acknowledges that all Proprietary Information, Intellectual Property, Trade Secrets and Confidential Information, and any and all embodiments thereof (herein, the ""Property""), is and shall remain at all times the exclusive property of and owned by the Company, and that ","9,11,12,19,7","(i) derives independent economic value, actual or potential, from not being generally known to, and not being readily ascertainable through proper means by, other persons who can obtain economic value from its disclosure or use, and
(ii) is the subject of efforts that are reasonable under the circum",7,ranking_failure_gold_beyond_top_k,
train::421::nda-19,Entailment,Some obligations of Agreement may survive termination of Agreement.,2,"Master Distributor shall not, during the term of this Agreement and the Master Distributorship Agreement, and for a period of three (3) years following termination, for any reason, of the Master Distributorship Agreement, disclose, use, reveal, report, publish, disclose, transfer, or make available,","17,19,18,15,1","Master Distributor recognizes and agrees: (i) that the covenants and agreements contained in Sections 2, 3, 4, 5, 6, 7, 8, 9, 10, 11, 12 and 13 of this Agreement are of the essence of this Agreement; (ii) that each of such covenants is reasonable and necessary to protect and preserve the interests a",11,ranking_failure_gold_beyond_top_k,
train::421::nda-17,Contradiction,Receiving Party may create a copy of some Confidential Information in some circumstances.,1,"Master Distributor further agrees not to copy, reverse engineer, disassemble, decompile or otherwise reproduce any Product or its equivalent, in whole or in part.","7,1,9,3,12","(i) Production processes, quality control processes and/or procedures, marketing techniques, purchasing information, pricing policies, quoting procedures, financial information, customer names and requirements, customer data and other materials or information relating to the manner in which Company ",10,ranking_failure_gold_beyond_top_k,
train::427::nda-2,Contradiction,Confidential Information shall only include technical information.,1,"You will treat confidentially any information (whether written or oral) that either we or our financial advisor, CREDIT SUISSE FIRST BOSTON CORPORATION (""CSFB""), or our other representatives furnish to you in connection with a Possible Transaction involving the Company, together with analyses, compi","1,2,3,4,5","You recognize and acknowledge the competitive value of the Evaluation Materials and the damage that could result to the Company if the Evaluation Materials were used or disclosed except as authorized by this Agreement.
The term ""Evaluation Materials"" includes information furnished to you orally or i",9,ranking_failure_gold_beyond_top_k,
train::427::nda-18,Entailment,Receiving Party shall not solicit some of Disclosing Party's representatives.,3,"Without the Company's prior consent, neither your or anybody acting on your behalf shall directly or indirectly for a period of two years from the date hereof  (b) employ or hire the services of any executive, managerial, supervisory, technical, or geological employee, of Zeigler, provided that you ","3,2,4,5,1","In the event that you or any of your representatives receive a request or are required (by deposition, interrogatory, request for documents, subpoena, civil investigative demand or similar process) to disclose all or any part of the Evaluation Materials, you or your representatives as the case may b",7,ranking_failure_gold_beyond_top_k,
train::428::nda-15,Entailment,Agreement shall not grant Receiving Party any right to Confidential Information.,1,"4. To the extent the Evaluation Material includes or otherwise involves intellectual property, technical data, technology, processes, applications for patents, trade secrets or know-how, disclosure thereof to Participant or its Representatives by or on behalf of Originator, Target or any of their re","4,3,0,8,10","(d) ""Evaluation Material"" shall not include any information which Participant can demonstrate (i) was or becomes generally available to the public other than as a result of a disclosure by Participant or its Representatives, or (ii) was or becomes available to Participant or its Representatives on a",12,ranking_failure_gold_beyond_top_k,
train::428::nda-18,Entailment,Receiving Party shall not solicit some of Disclosing Party's representatives.,2,"5. Participant hereby covenants and agrees that for a period of eighteen months following the date hereof, it shall not, without the prior written consent of Originator (which will not be unreasonably withheld) directly or indirectly: (b) initiate discussions with respect to the prospective employme","3,2,4,8,5","(b) Participant agrees that Participant will not disclose to any person (including other possible bidders for Target and employees, customers and suppliers of Target) that the Evaluation Material has been made available to Participant, that Participant has inspected any portion thereof, the fact tha",10,ranking_failure_gold_beyond_top_k,
train::430::nda-7,Contradiction,"Receiving Party may share some Confidential Information with some third-parties (including consultants, agents and professional advisors).",1,"Selling Shareholder shall not, without the prior written approval of Dollar Tree, at any time copy, reproduce, disclose or divulge to any third party, use or permit others to use any confidential information of SAI or Dollar Tree (including financial information, sources of supplies and materials, p","10,9,21,11,1","This Section 4 shall not apply if (a) such information is already known to such party or to others not bound by a duty of confidentiality or such information is or becomes publicly available through no fault of Selling Shareholder or Selling Shareholder's Affiliates, (b) the use of such information ",8,ranking_failure_gold_beyond_top_k,
train::438::nda-2,Contradiction,Confidential Information shall only include technical information.,1,"In connection with the possible transaction (the ""Proposed Transaction"") between DTM Corporation (together with its subsidiaries, ""DTM"") and 3D Systems Corporation (together with its subsidiaries, ""3D""), and in order to allow DTM and 3D to evaluate the Proposed Transaction, each of DTM and 3D have a","1,3,4,6,11",All information (i) about the Disclosing Party or (ii) about a third party (which information was provided to the Disclosing Party subject to a confidentiality agreement with such third party) furnished by the Disclosing Party or its Representatives (as defined below) to the Receiving Party or its R,11,ranking_failure_gold_beyond_top_k,
train::439::nda-15,Entailment,Agreement shall not grant Receiving Party any right to Confidential Information.,3,"MS and its suppliers shall retain title and all ownership rights to the Product. (a) MS grants to Recipient a limited, non-exclusive, nontransferable, royalty-free license to use up to five copies of the executable Product code on CPU's residing at Recipient's premises solely to test the compatibili","5,4,6,7,9","6. CONFIDENTIALITY. The Product and related information is proprietary and confidential information to MS and its suppliers. Recipient agrees not to disclose or provide the Product, documentation, or any related information (including the Product features or the results of use or testing) to any thi",7,ranking_failure_gold_beyond_top_k,
train::441::nda-15,Entailment,Agreement shall not grant Receiving Party any right to Confidential Information.,3,"(a) remains the property of the Discloser, and  All Proprietary Information, unless otherwise specified in writing,  No other rights, and particularly licenses, trademarks, inventions, copyrights, patents, or any other intellectual property rights are implied or granted under the Credit Agreement or","2,6,0,7,1","The term ""Proprietary Information"" does not include information which: (a) has been or may in the future be published or is now or may in the future be otherwise in the public domain through no fault of the Recipient; (b) prior to disclosure pursuant to this Agreement is properly within the legitima",8,ranking_failure_gold_beyond_top_k,
train::441::nda-17,Entailment,Receiving Party may create a copy of some Confidential Information in some circumstances.,1,Proprietary Information supplied is not to be reproduced in any form except as required to accomplish the intent of this Agreement.,"6,4,2,1,5","7. Right to Disclose. Each party warrants that it has the right to disclose all Proprietary Information which it will disclose to the other party pursuant to this Agreement, and each party agrees to indemnify and hold harmless the other from all claims by a third party related to the wrongful disclo",6,ranking_failure_gold_beyond_top_k,
train::441::nda-8,Entailment,"Receiving Party shall notify Disclosing Party in case Receiving Party is required by law, regulation or judicial process to disclose any Confidential Information.",2,"(f) is obligated to be produced by law or under order of a court of competent jurisdiction or other similar requirement of a governmental agency, or is required to be disclosed to, or is requested by, the Recipient's outside auditors or examiners in connection with an audit or examination or so long","7,1,6,4,0","9. Disclosure to Third Parties. All media releases and pubic announcements or disclosures by either party relating to this Agreement, its subject matter or the purpose of this Agreement are to be coordinated with and consented to by the other party in writing prior to the release or announcement.
10",6,ranking_failure_gold_beyond_top_k,
train::441::nda-4,Entailment,Receiving Party shall not use any Confidential Information for any purpose other than the purposes stated in Agreement.,3,"(b) must be used by the Recipient only for the purpose stated herein.  3. Use. Each party agrees to use the Proprietary Information received from the other party only for the purpose of the servicing or protection of its interests in respect of the Loans, the Credit Agreement and the Loan Documents ","2,7,1,6,8","The term ""Proprietary Information"" does not include information which: (a) has been or may in the future be published or is now or may in the future be otherwise in the public domain through no fault of the Recipient; (b) prior to disclosure pursuant to this Agreement is properly within the legitima",6,ranking_failure_gold_beyond_top_k,
train::447::nda-15,Entailment,Agreement shall not grant Receiving Party any right to Confidential Information.,2,"5. Nothing contained in this Non-Disclosure Agreement shall be construed as granting to or conferring on CONSULTANT, expressly or impliedly, any rights, by license or otherwise, to the Confidential Information of NYNEX or any other material, information or data, or any invention, discovery, improvem","2,8,5,3,1","1. For the purposes of this Non-Disclosure Agreement, the term ""Confidential Information"" shall mean material, information, data and other communications (a) disclosed by NYNEX and/or one or more of its parent, subsidiary or affiliated corporations, appropriately marked as ""Confidential,"" ""Proprieta",6,ranking_failure_gold_beyond_top_k,
train::447::nda-2,Contradiction,Confidential Information shall only include technical information.,1,"WHEREAS, in order for CONSULTANT to provide consultant services to NYNEX it may be necessary or desirable for NYNEX to disclose to CONSULTANT certain confidential and proprietary material, information, data, and other communications concerning NYNEX's past, current, future and proposed or potential ","2,6,4,3,5","1. For the purposes of this Non-Disclosure Agreement, the term ""Confidential Information"" shall mean material, information, data and other communications (a) disclosed by NYNEX and/or one or more of its parent, subsidiary or affiliated corporations, appropriately marked as ""Confidential,"" ""Proprieta",7,ranking_failure_gold_beyond_top_k,
train::453::nda-3,Entailment,Confidential Information may include verbally conveyed information.,1,"""Information"" is defined as communications or data including, but not limited to, business information, marketing plans, technical or financial information, customer lists or proposals, sketches, models, samples, computer programs and documentation, drawings, specifications, whether conveyed in oral","1,2,4,3,5","2. All Information related to the parties' business or technical discussions described in the Preamble to this Agreement that is disclosed by one Party (""Disclosing Party"") to the other (""Receiving Party"") shall be protected by the Receiving Party.
3. Information of the Disclosing Party shall remain",6,ranking_failure_gold_beyond_top_k,
train::459::nda-16,Entailment,Receiving Party shall destroy or return some Confidential Information upon the termination of Agreement.,4,"NON-DISCLOSURE, ASSIGNMENT OF INVENTIONS AND NON-COMPETITION AGREEMENT In any event, I will return all such materials and property immediately upon termination of my employment for any reason.  I will not take with me any such material or property or any copies thereof upon such termination. I agree","1,8,10,11,2","I understand and agree that my employment creates a relationship of confidence and trust between me and the Company with respect to (a) all proprietary and confidential information of the Company, and (b) the confidential information of others with which the Company has a business relationship. The ",6,ranking_failure_gold_beyond_top_k,
train::459::nda-15,Entailment,Agreement shall not grant Receiving Party any right to Confidential Information.,1,"All documents, records, apparatus, equipment and other physical property, whether or not pertaining to Confidential Information, which are furnished to me by the Company or are produced by me in connection with my employment will be and remain the sole property of the Company. ","2,1,5,7,10",This restriction shall not apply to: (i) information that may be disclosed generally or is in the public domain through no fault of mine; (ii) information received from a third party outside the Company that was disclosed without a breach of any confidentiality obligation; or (iii) information that ,8,ranking_failure_gold_beyond_top_k,
train::459::nda-12,Entailment,Receiving Party may independently develop information similar to Confidential Information.,2,My obligation to assign Inventions shall not apply to any invention about which I can prove that:  (i) it was developed entirely on my own time and effort; ,"1,2,5,3,0","I understand and agree that my employment creates a relationship of confidence and trust between me and the Company with respect to (a) all proprietary and confidential information of the Company, and (b) the confidential information of others with which the Company has a business relationship. The ",8,ranking_failure_gold_beyond_top_k,
train::462::nda-15,Entailment,Agreement shall not grant Receiving Party any right to Confidential Information.,2,"5. All written data delivered by Owner to the Recipient pursuant to this Agreement shall be and remain the property of Owner, and all such written data, and all copies thereof, shall be promptly returned to Owner upon written request, or destroyed at Owner's option. 7. Nothing contained in this Agre","5,2,1,3,0","11. Neither Party makes any representations or warranties as to the accuracy or completeness of the Confidential Information and neither Party shall have any liability to the other resulting from any use of the Confidential Information which is consistent with this Agreement.
12. Without impairing a",6,ranking_failure_gold_beyond_top_k,
train::462::nda-20,Contradiction,Receiving Party may retain some Confidential Information even after the return or destruction of Confidential Information.,1,"5. All written data delivered by Owner to the Recipient pursuant to this Agreement shall be and remain the property of Owner, and all such written data, and all copies thereof, shall be promptly returned to Owner upon written request, or destroyed at Owner's option.","2,3,1,0,5","2. Notwithstanding the provisions of Paragraph 1 above, the Parties may disclose the Confidential Information disclosed under this Agreement to their employees and/or agents, but only for the purpose of supplying the Party with sufficient information to enable the Party to evaluate the potential val",6,ranking_failure_gold_beyond_top_k,
train::467::nda-15,Entailment,Agreement shall not grant Receiving Party any right to Confidential Information.,2,"All Proprietary/Confidential Information disclosed pursuant to this Agreement shall be and remain the property of the disclosing party.  Nothing in this Agreement shall be construed as granting or confirming any rights by license or otherwise expressly impliedly or otherwise, for any of the Propriet","2,3,1,6,5","For a period of 5 years from the date of this Agreement, the receiving party shall not publish, disseminate nor disclose any Proprietary/Confidential Information received from any of the other parties to any third party accept to those of its own employment having valid need to know the information ",6,ranking_failure_gold_beyond_top_k,
train::467::nda-10,Entailment,Receiving Party shall not disclose the fact that Agreement was agreed or negotiated.,1,"The terms of this Agreement are confidential and shall not be disclosed to third parties without the written consent of all parties, accept to the extent required by a court or regulatory agency of competent jurisdiction.","2,3,6,5,1","For a period of 5 years from the date of this Agreement, the receiving party shall not publish, disseminate nor disclose any Proprietary/Confidential Information received from any of the other parties to any third party accept to those of its own employment having valid need to know the information ",6,ranking_failure_gold_beyond_top_k,
train::474::nda-12,Entailment,Receiving Party may independently develop information similar to Confidential Information.,2,"(iv) is independently developed by the recipient without use of Evaluation Material; or  The term ""Evaluation Material"" does not include information which ","3,5,6,1,7","Each party hereby agrees that it and its Representatives shall use the other party's Evaluation Material solely for the purpose of evaluating, negotiating and consummating a possible transaction between the parties, and that the disclosing party's Evaluation Material will be kept confidential and ea",6,ranking_failure_gold_beyond_top_k,
train::474::nda-18,Entailment,Receiving Party shall not solicit some of Disclosing Party's representatives.,1,"In consideration of the furnishing of Evaluation Material hereunder, each party agrees that, for a period of two years from the date hereof, neither such party nor any of its controlled affiliates will solicit to employ any of the current officers or employees of the other party with whom such party","3,4,1,7,5","Each party hereby agrees that it and its Representatives shall use the other party's Evaluation Material solely for the purpose of evaluating, negotiating and consummating a possible transaction between the parties, and that the disclosing party's Evaluation Material will be kept confidential and ea",7,ranking_failure_gold_beyond_top_k,
train::474::nda-13,Entailment,Receiving Party may acquire information similar to Confidential Information from a third party.,2,"(iii) is or becomes available to the receiving party on a non-confidential basis from a source other than the disclosing party, or any of its Representatives, provided that such source was not known by the receiving party to be bound by a confidentiality agreement with, or other contractual, legal o","5,6,3,1,4","In the event that a party or any of its Representatives are requested or required (by oral questions, interrogatories, requests for information or documents in legal proceedings, subpoena, civil investigative demand or other similar process) to disclose any of the other party's Evaluation Material, ",6,ranking_failure_gold_beyond_top_k,
train::477::nda-2,Contradiction,Confidential Information shall only include technical information.,1,"""Confidential Information"" includes, without limitation, information relating to released or unreleased Disclosing Party software or hardware products, the marketing or promotion of any Disclosing Party product, Disclosing Party's business policies or practices, and information received from others ","1,4,6,2,5",(b) Confidential Information shall not include any information that: (i) is or subsequently becomes publicly available without Receiving Party's breach of any obligation owed Disclosing Party; (ii) became known to Receiving Party prior to Disclosing Party's disclosure of such information to Receivin,6,ranking_failure_gold_beyond_top_k,
train::477::nda-1,Contradiction,All Confidential Information shall be expressly identified by the Disclosing Party.,1,"(a) ""Confidential Information"" means nonpublic information that Disclosing Party designates as being confidential or which, under the circumstances surrounding disclosure ought to be treated as confidential. ","2,3,1,4,7","(b) Receiving Party shall take reasonable security precautions, at least as great as the precautions it takes to protect its own confidential information, to keep confidential the Confidential Information. Receiving Party may disclose Confidential Information or Confidential Material only to Receivi",7,ranking_failure_gold_beyond_top_k,
train::477::nda-4,Contradiction,Receiving Party shall not use any Confidential Information for any purpose other than the purposes stated in Agreement.,1,"Further, either party shall be free to use for any purpose the residuals resulting from access to or work with such Confidential Information, provided that such party shall maintain the confidentiality of the Confidential Information as provided herein. ","1,2,4,3,7",(b) Confidential Information shall not include any information that: (i) is or subsequently becomes publicly available without Receiving Party's breach of any obligation owed Disclosing Party; (ii) became known to Receiving Party prior to Disclosing Party's disclosure of such information to Receivin,7,ranking_failure_gold_beyond_top_k,
train::481::nda-19,Entailment,Some obligations of Agreement may survive termination of Agreement.,1,Such covenant and agreement shall survive termination of this Agreement for any reason whatsoever.,"4,2,3,5,6","7. This Agreement shall be binding upon, and inure to the benefit of the heirs, legal representatives, successors, designees, and/or assigns of the Parties. The executor, administrator, or personal representative of a deceased party shall execute and deliver any document(s) or legal instrument(s) ne",6,ranking_failure_gold_beyond_top_k,
train::485::nda-10,Entailment,Receiving Party shall not disclose the fact that Agreement was agreed or negotiated.,1,"In addition, the existence and terms of this Agreement, and the fact and substance of Company's discussions and correspondence with Broker relating to the Transactions, including the identification of either party by name or identifiable in connection with the parties' participation in such process,","5,7,4,3,1","7. Neither this Agreement, nor the disclosure of Information under this Agreement, nor the ongoing discussions and correspondence by the parties concerning the Transactions or any other matter, shall constitute or imply any promise or intention to make any purchase or use of products, facilities or ",8,ranking_failure_gold_beyond_top_k,
train::487::nda-3,Entailment,Confidential Information may include verbally conveyed information.,1,"In connection therewith, Level 3 and NNT may disclose to each other technical, financial and/or other information, material, or data which is written, oral or in any other form, electronic or otherwise (collectively ""Data"") which is considered confidential and proprietary.","1,3,2,5,4","2. CONFIDENTIAL DATA. ""Confidential Data"" means (a) any Data disclosed by or on behalf of a party (""disclosing party"") to the other party (""receiving party""), including, without limitation, (i) any materials, trade secrets, know-how, formulas, processes, algorithms, ideas, strategies, inventions, da",6,ranking_failure_gold_beyond_top_k,
train::500::nda-15,Entailment,Agreement shall not grant Receiving Party any right to Confidential Information.,1,"Pinetree agrees that all Proprietary Material disclosed shall remain the property of STI, and nothing herein shall be construed as the grant of a license or any other right, either directly or indirectly, by implication, estoppel or otherwise, to any Proprietary Material. ","2,5,3,1,0","2. TERM OF DUTY NOT TO DISCLOSE. Unless a particular portion of Proprietary Information becomes nonproprietary as provided in Section 4(a) hereof, or unless otherwise authorized in a written agreement signed by an authorized officer of STI, Pinetree has a duty to protect each particular portion of P",6,ranking_failure_gold_beyond_top_k,
train::500::nda-19,Entailment,Some obligations of Agreement may survive termination of Agreement.,1,"The redelivery or destruction of the Proprietary Information shall be certified by Pinetree in writing to STI, and shall not in any way relieve Pinetree of its obligation of confidentiality.","9,8,10,7,3","7. CONSTRUCTION. If for any reason any provision of this Agreement shall be deemed by a court of competent jurisdiction to be legally invalid or unenforceable, the validity, legality and enforceability of the remainder of this Agreement shall not be affected, and such provision shall be deemed modif",8,ranking_failure_gold_beyond_top_k,
train::503::nda-8,Entailment,"Receiving Party shall notify Disclosing Party in case Receiving Party is required by law, regulation or judicial process to disclose any Confidential Information.",2,"(v) required to be disclosed by any law, government regulation, or judicial or other governmental order, provided that, if legally permissible, the Company provides reasonable advance written notice to ABRH to afford ABRH the opportunity to seek a protective order or waive compliance with the provis","6,2,4,8,3","If the Company becomes legally obligated or receives a subpoena or other legal demand issued by a court of competent jurisdiction or governmental body to disclose any Confidential Information, it shall cooperate with ABRH in seeking a protective order or other appropriate remedy, and shall use reaso",10,ranking_failure_gold_beyond_top_k,
train::504::nda-18,Entailment,Receiving Party shall not solicit some of Disclosing Party's representatives.,1,"Until the first anniversary of the date hereof, EnCana will not, nor will it permit any of its subsidiaries, directors, officers or employees to, directly or indirectly, solicit or hire the services, as employee, consultant or otherwise, of any employee of TBI or its subsidiaries with whom EnCana ha","4,11,3,5,12","EnCana agrees to be responsible for any breach of this letter agreement by any of its Representatives.
 2. Non-Disclosure of Discussions. Each Party agrees that, without the prior written consent of the other party, such party and its Representatives will not disclose to any other person (other than",8,ranking_failure_gold_beyond_top_k,
train::504::nda-13,Entailment,Receiving Party may acquire information similar to Confidential Information from a third party.,2,"(iii) has already been or is hereafter independently acquired or developed by EnCana without violating any confidentiality agreement or secrecy obligation to TBI.  The term ""Evaluation Material"" shall mean all information, data and analysis furnished by TBI or its Representatives to EnCana or its Re","3,2,4,11,9","Accordingly, EnCana agrees that the Evaluation Material will be used solely for the purpose of evaluating the Transaction and related actions, and that such information will be kept confidential by EnCana and its Representatives; provided, however, that (w) such information may be disclosed by EnCan",7,ranking_failure_gold_beyond_top_k,
train::509::nda-18,Entailment,Receiving Party shall not solicit some of Disclosing Party's representatives.,2,"Accordingly, AZZ agrees not to directly or indirectly contact or communicate with any executive or other employee of North American concerning the Transaction, or to seek any information in connection therewith from such person, without the consent of North American.  For a period of two (2) years a","2,3,1,4,7","2. Excluded Information. The Confidential Information shall not include information that (i) is or becomes publicly available other than as a result of acts by the Receiving Party or its Representatives in breach of the terms of this Agreement, (ii) is in the Receiving Party’s possession or the poss",9,ranking_failure_gold_beyond_top_k,
train::512::nda-15,Entailment,Agreement shall not grant Receiving Party any right to Confidential Information.,2,"Contractor agrees that all right, title and interest in any and all copyrights, copyright registrations and copyrightable subject matter which occur as a result of our work for the Company shall be the sole and exclusive property of the Company, and agree that such works comprise works made for hire","4,3,5,13,8","Any information of the Company which is deemed a “trade secret” by the California Uniform Trade Secret Act shall be considered to be confidential information and therefore within the scope of this Agreement, unless the Company advises Contractor otherwise in writing. Contractor further agrees to pre",7,ranking_failure_gold_beyond_top_k,
train::513::nda-19,Entailment,Some obligations of Agreement may survive termination of Agreement.,3,"6. Upon the Disclosing Party’s written request, the Recipient shall promptly destroy or return to the Disclosing Party all written Confidential Information (whether prepared by the Disclosing party or its Representatives) and will not retain any copies, extracts or other reproductions in whole or in","12,11,10,13,3","14. The parties agree that unless and until a definitive written agreement or other binding agreement between the parties with respect to a relationship of the type contemplated by the Proposed Transaction has been executed and delivered by each party hereto, no party will be under any obligation of",7,ranking_failure_gold_beyond_top_k,
train::515::nda-2,Contradiction,Confidential Information shall only include technical information.,2,"b. “Confidential Information” shall mean any and all materials, records, data, documents, lists, writings, and information (whether in writing, printed, electronically stored, computerized, on disk or otherwise, including, but not limited to, all copies, summaries, analyses, drafts, and extracts) re","5,7,6,8,10","Confidential Information shall not include information that: (i) is or becomes readily or publicly available, not as a result of a violation of this Agreement or other obligation of confidence, directly or indirectly, of the disclosing party; (ii) is developed by other parties, including, but not li",6,ranking_failure_gold_beyond_top_k,
train::515::nda-19,Entailment,Some obligations of Agreement may survive termination of Agreement.,2,"Except as set forth below, the covenants in Sections 4, 5, 6 and 23 shall survive the termination of Employee’s employment with a Financial Institution regardless of the reason for termination.  If the Merger is not consummated and the Merger Agreement is terminated, Sections 4, 5, 6 and 23 shall su","11,15,20,14,2","In consideration of the covenants of all Financial Institutions contained herein, Employee agrees that during Employee’s employment with a Financial Institution, and for a period of two (2) years immediately following the termination of Employee’s employment with a Financial Institution, for whateve",9,ranking_failure_gold_beyond_top_k,
train::515::nda-18,Entailment,Receiving Party shall not solicit some of Disclosing Party's representatives.,8,"In consideration of the covenants of all Financial Institutions contained herein, Employee agrees that during Employee’s employment with a Financial Institution, and for a period of two (2) years immediately following the termination of Employee’s employment with a Financial Institution, for whateve","7,5,10,6,21","Nothing in this Section 4, or any other provision of this Agreement, shall be construed to prohibit Employee from reporting conduct to, providing truthful information to, or participating in any investigation or proceeding brought or conducted by any federal or state government agency or self-regula",6,ranking_failure_gold_beyond_top_k,
train::516::nda-2,Contradiction,Confidential Information shall only include technical information.,1,"(a) The term “Evaluation Material” means information concerning the Provider which has been or is furnished to the Recipient or its Representatives (as defined below) in connection with the Recipient’s evaluation of a Possible Transaction, including its business, financial condition, operations, ass","2,5,12,4,7","The term Evaluation Material does not include information which (i) is or becomes publicly available other than as a result of a disclosure by the Recipient or its Representatives in breach of this Agreement, (ii) was within the Recipient’s possession prior to its being furnished to the Recipient by",12,ranking_failure_gold_beyond_top_k,
train::516::nda-4,Entailment,Receiving Party shall not use any Confidential Information for any purpose other than the purposes stated in Agreement.,1,"Each Recipient shall use the Evaluation Material solely for the purpose of evaluating a Possible Transaction and, subject to Section 5, will not disclose any of the Evaluation Material in any manner whatsoever; provided, however, that any of such information may be disclosed to the Recipient’s Repre","2,4,13,7,12","The term Evaluation Material does not include information which (i) is or becomes publicly available other than as a result of a disclosure by the Recipient or its Representatives in breach of this Agreement, (ii) was within the Recipient’s possession prior to its being furnished to the Recipient by",6,ranking_failure_gold_beyond_top_k,
train::517::nda-2,Contradiction,Confidential Information shall only include technical information.,1,"Confidential Information does not need to be marked as such and is defined as any and all technical, business financial and other information belonging to either party, including but not limited to products, descriptions, drawings, bills of material, assembly drawings, compositions, business plans, ","1,4,3,2,8","Confidential Information shall not include information, technical data or knowledge which:
a. is already known to the Receiving Party;
b. is or becomes publicly known through no wrongful act of the Receiving Party;
c. is rightfully received from a third party without restrictions and without breach ",6,ranking_failure_gold_beyond_top_k,
train::518::nda-10,Entailment,Receiving Party shall not disclose the fact that Agreement was agreed or negotiated.,2,"The Receiving Party:  (d) shall not disclose to any person (other than those of its Representatives who are actively and directly participating in the Evaluation or who otherwise need to know for the purpose of the Evaluation) any information about the Evaluation, or the terms or conditions or any o","12,15,10,7,11","14. The Receiving Party acknowledges that neither the Disclosing Party nor its Representatives nor any of the officers, directors, employees, agents or controlling persons of such Representatives makes any express or implied representation or warranty regarding the Confidential Information, includin",6,ranking_failure_gold_beyond_top_k,
train::518::nda-12,Entailment,Receiving Party may independently develop information similar to Confidential Information.,4,Each party acknowledges that the other may already possess or have developed products or services similar to or competitive with those of the other party disclosed in the Confidential Information.  4. The above restrictions on the use or disclosure of the Confidential Information shall not apply to ,"1,7,9,3,8","2. As used herein, “Confidential Information” shall mean all information furnished by the Disclosing Party or its Representatives (defined below) to the Receiving Party or its Representatives which is either designated in writing by the Disclosing Party as confidential or should be reasonably unders",9,ranking_failure_gold_beyond_top_k,
train::518::nda-17,Entailment,Receiving Party may create a copy of some Confidential Information in some circumstances.,1,3. Confidential Information shall not be reproduced in any form except as required to accomplish the intent of this Agreement. ,"9,7,1,3,12","9. Upon the Disclosing Party’s written request, the Receiving Party shall (at the Receiving Party’s election) promptly return or destroy (provided that any such destruction shall be certified by a duly authorized Representative of the Receiving Party) all Confidential Information of the Disclosing P",9,ranking_failure_gold_beyond_top_k,
train::518::nda-13,Entailment,Receiving Party may acquire information similar to Confidential Information from a third party.,6,"6. Nothing in this Agreement shall prohibit or restrict either party’s right to develop, make, use, market, license or distribute products or services similar to or competitive with those of the other party disclosed in the Confidential Information as long as it shall not thereby breach this Agreeme","7,1,2,3,9","7. In the event that the Receiving Party or any of its Representatives are requested pursuant to, or required by, applicable law or regulation or by legal process to disclose any Confidential Information or any other information concerning the Disclosing Party or the Evaluation, the Receiving Party ",11,ranking_failure_gold_beyond_top_k,
train::519::nda-19,Entailment,Some obligations of Agreement may survive termination of Agreement.,4,(ii) the termination of this Agreement shall not relieve any Party from any liability with respect to any violation or breach of any provision contained in this Agreement. (i) the restrictions and covenants set forth in this Agreement relating to Confidential Information consisting of or relating to,"18,10,9,21,11","12. Miscellaneous; Termination.
(a) For purposes of this Agreement, a Party’s “Representatives” will be deemed to include each Person that is or becomes (i) a subsidiary or other affiliate of such Party, or (ii) an officer, director, employee, partner, attorney, advisor, accountant, agent or represe",11,ranking_failure_gold_beyond_top_k,
train::519::nda-18,Entailment,Receiving Party shall not solicit some of Disclosing Party's representatives.,2,"During the nine (9) month period commencing on the Effective Date, neither Party nor any of such Party’s Representatives will directly or indirectly solicit for employment, hire or induce or encourage (in each case, other than by means of a general solicitation pursuant to a newspaper or other media","19,4,2,16,10","(e) By making Confidential Information or other information available to a Recipient or a Recipient’s Representatives, a Disclosing Party is not, and shall not be deemed to be, granting (expressly or by implication) any license or other right under or with respect to any patent, trade secret, copyri",12,ranking_failure_gold_beyond_top_k,
train::522::nda-10,Entailment,Receiving Party shall not disclose the fact that Agreement was agreed or negotiated.,1,Confidential Information also includes both the existence and content of discussions between the Parties with respect to a potential business transaction or relationship. ,"2,3,7,5,0","3. Protection of Confidential Information. The Receiving Party agrees that it will use diligent efforts to protect the secrecy and confidentiality of and avoid disclosure of the Confidential Information of the Disclosing Party, including implementing equivalent security measures and degree of care t",7,ranking_failure_gold_beyond_top_k,
train::522::nda-1,Contradiction,All Confidential Information shall be expressly identified by the Disclosing Party.,2,"Confidential Information also includes any other document provided by a Party that is clearly marked or otherwise identified as “Confidential”.  As used in this Agreement, “Confidential Information” means all information whether of a technical, business, financial or other nature (including, without","3,4,2,6,0","5. Receiving Party Personnel. The Receiving Party shall expressly restrict the possession, knowledge, development and use of Confidential Information to its partners, employees, consultants, professional advisors, agents, subcontractors and entities controlled by the Receiving Party or hired or enga",6,ranking_failure_gold_beyond_top_k,
train::524::nda-2,Contradiction,Confidential Information shall only include technical information.,1,"B. During the negotiations relating to the Transaction, each party (the ""Receiving Party"") understands that the other party (the ""Disclosing Party"") has disclosed or may disclose information relating to the Disclosing Party's business (including, without limitation, computer programs, technical draw","3,7,4,5,2","The term ""Evaluation Material"" does not include information which (i) is or becomes generally available to the public other than as a result of a breach of this Agreement by the Receiving Party, (ii) was within the Receiving Party's possession prior to its being furnished to the Receiving Party by o",6,ranking_failure_gold_beyond_top_k,
train::524::nda-12,Entailment,Receiving Party may independently develop information similar to Confidential Information.,2,"(iv) is independently developed by the Receiving Party without use of Evaluation Material. The term ""Evaluation Material"" does not include information which ","1,6,2,7,4","During the negotiations relating to the Transaction, each party (the ""Receiving Party"") understands that the other party (the ""Disclosing Party"") has disclosed or may disclose information relating to the Disclosing Party's business (including, without limitation, computer programs, technical drawing",6,ranking_failure_gold_beyond_top_k,
train::524::nda-18,Entailment,Receiving Party shall not solicit some of Disclosing Party's representatives.,4,"(iii) make, or in any way participate in, directly or indirectly, any ""solicitation of proxies"" (as such term is used in the proxy rules of the Securities and Exchange Commission) to vote, or seek to advise or influence any person with respect to the voting of, any voting securities of the Company o","1,6,5,3,4","During the negotiations relating to the Transaction, each party (the ""Receiving Party"") understands that the other party (the ""Disclosing Party"") has disclosed or may disclose information relating to the Disclosing Party's business (including, without limitation, computer programs, technical drawing",10,ranking_failure_gold_beyond_top_k,
train::524::nda-13,Entailment,Receiving Party may acquire information similar to Confidential Information from a third party.,2,"(iii) is or becomes available to the Receiving Party on a non-confidential basis from a source other than the Disclosing Party or any of its Representatives, provided that such source was not known by the Receiving Party to be bound by a confidentiality agreement with or other contractual, legal or ","6,1,2,4,7","In the event that a party or its Representatives are requested or required (by oral questions, interrogatories, requests for information or documents in legal proceedings, subpoena, civil investigative demand or other similar process) to disclose any of the other party's Evaluation Material or the f",8,ranking_failure_gold_beyond_top_k,
train::525::nda-2,Contradiction,Confidential Information shall only include technical information.,1,"(a) The term “Evaluation Material” means information concerning the Provider which has been or is furnished to the Recipient or its Representatives in connection with the Recipient’s evaluation of a Possible Transaction, including its business, financial condition, operations, assets and liabilities","2,5,4,13,3","The term Evaluation Material does not include information which (i) is or becomes generally available to the public other than as a result of a disclosure by the Recipient or its Representatives in breach of this Agreement, (ii) was within the Recipient’s possession prior to its being furnished to t",11,ranking_failure_gold_beyond_top_k,
train::527::nda-2,Contradiction,Confidential Information shall only include technical information.,1,"In connection with the consideration of a possible transaction between Transcend Services, Inc. (the “Company”) and Nuance Communications, Inc. (“Nuance”) (a “Possible Transaction”) each of the parties (each a “Disclosing Party” as applicable) is prepared to make available to the other (each a “Reci","2,4,3,1,6","The term “Confidential Information” shall not include information that (i) is or becomes generally available to the public other than as a result of a disclosure by Recipient or its Representatives, (ii) was within Recipient’s possession prior to its being furnished to it by or on behalf of the Disc",9,ranking_failure_gold_beyond_top_k,
train::531::nda-2,Contradiction,Confidential Information shall only include technical information.,3,"In connection with your consideration of a possible business combination transaction involving all or substantially all (a “Possible Transaction”) of the outstanding common stock of NeighborCare, Inc. (collectively with its businesses, subsidiaries and divisions, the “Company”), the Company is prepa","3,4,8,6,1","The term “Evaluation Material” does not include information which (i) is or becomes generally available to the public other than as a result of a disclosure by the Receiving Party or its Representatives, (ii) was within your possession prior to its being furnished to you by or on behalf of the Compa",11,ranking_failure_gold_beyond_top_k,
train::531::nda-19,Entailment,Some obligations of Agreement may survive termination of Agreement.,1,"Notwithstanding the return or destruction of the Evaluation Material and Discussion Information, the Receiving Party and its Representatives will continue to be bound by their obligations of confidentiality and other obligations hereunder.","10,17,14,11,18",The Receiving Party agrees that neither the Disclosing Party nor any of its Representatives shall have any liability to the Receiving Party or to any of its Representatives relating to or resulting from the use of the Evaluation Material or any errors therein or omissions therefrom. Only those repre,7,ranking_failure_gold_beyond_top_k,
train::531::nda-12,Entailment,Receiving Party may independently develop information similar to Confidential Information.,2,"The term “Evaluation Material” does not include information which  (iii) was developed independently by the Receiving Party without use, directly or indirectly, of any Evaluation Material or ","1,8,7,9,4","The party disclosing information shall be referred to herein as the “Disclosing Party” and the party receiving information shall be referred to as the “Receiving Party.”
As a condition to each Receiving Party and their Representatives (as defined below) being furnished with such information, the Rec",12,ranking_failure_gold_beyond_top_k,
train::531::nda-18,Entailment,Receiving Party shall not solicit some of Disclosing Party's representatives.,3,(ii) any of the employees of the Disclosing Party with whom the Receiving Party has contact or who are specifically identified to the Receiving Party by the Disclosing party or any of its Representatives for purposes hereof during the period of the Receiving Party’s investigation of the Disclosing P,"6,1,16,10,12","In addition, the Receiving Party agrees that, without the prior written consent of the Disclosing Party, the Receiving Party and its Representatives will not disclose to any other person the fact that the Evaluation Material has been made available to the Receiving Party and its Representatives, tha",6,ranking_failure_gold_beyond_top_k,
train::531::nda-7,Entailment,"Receiving Party may share some Confidential Information with some third-parties (including consultants, agents and professional advisors).",2,"(ii) the Receiving Party may make any disclosure of the Evaluation Material or the Discussion Information to such of its Representatives who need to know such information for the purpose of assisting the Receiving Party in its evaluation of a Possible Transaction, are provided with a copy of this le","16,8,1,7,12","During the course of the Receiving Party’s evaluation, all inquiries and other communications are to be made directly to the financial advisors for the Disclosing Party or employees or representatives of the Disclosing Party specified by the Disclosing Party. Accordingly, the Receiving Party agrees ",8,ranking_failure_gold_beyond_top_k,
train::531::nda-13,Entailment,Receiving Party may acquire information similar to Confidential Information from a third party.,2,"The term “Evaluation Material” does not include information which  (iv) becomes available to the Receiving Party on a non-confidential basis from a source other than the Disclosing Party or its Representatives, provided that such source was not known to be bound by a confidentiality agreement with, ","8,7,1,5,12","If, in the absence of a protective order or other remedy or the receipt of a waiver by the Disclosing Party, the Receiving Party or any of its Representatives are nonetheless, in the opinion of outside counsel, legally compelled to disclose Evaluation Material or Discussion Information to any tribun",11,ranking_failure_gold_beyond_top_k,
train::531::nda-5,Entailment,Receiving Party may share some Confidential Information with some of Receiving Party's employees.,2,"(ii) the Receiving Party may make any disclosure of the Evaluation Material or the Discussion Information to such of its Representatives who need to know such information for the purpose of assisting the Receiving Party in its evaluation of a Possible Transaction, are provided with a copy of this le","1,5,7,8,6","The party disclosing information shall be referred to herein as the “Disclosing Party” and the party receiving information shall be referred to as the “Receiving Party.”
As a condition to each Receiving Party and their Representatives (as defined below) being furnished with such information, the Rec",8,ranking_failure_gold_beyond_top_k,
train::534::nda-2,Contradiction,Confidential Information shall only include technical information.,1,"(b) The term “Evaluation Material” means any and all information (whether written, oral or electronic), data, documents, agreements, files and other materials, whether disclosed orally or stored in written, electronic or other form or media, which is obtained from or disclosed by the Company, or its","18,3,4,12,8","This Confidentiality Agreement shall be inoperative as to particular portions of the Evaluation Material if such information (i) is or becomes generally available to the public other than as a result of a direct or indirect disclosure by you, your Affiliates or the Representatives in breach of this ",14,ranking_failure_gold_beyond_top_k,
train::534::nda-7,Entailment,"Receiving Party may share some Confidential Information with some third-parties (including consultants, agents and professional advisors).",4,"(b) subject to the section captioned “Legally Required Disclosure” below, to keep the Evaluation Material strictly confidential, and not to disclose or use any of the Evaluation Material in any manner inconsistent with this Confidentiality Agreement; provided, however, that any of such information m","3,18,9,4,2","If you or any of the Representatives are requested or required (in the opinion of your counsel) by order of court, legal proceedings, subpoena, civil investigative demand, a governmental agency, a stock exchange or other similar process to disclose any of the Evaluation Material or any of the facts,",6,ranking_failure_gold_beyond_top_k,
train::534::nda-5,Entailment,Receiving Party may share some Confidential Information with some of Receiving Party's employees.,4,"(b) subject to the section captioned “Legally Required Disclosure” below, to keep the Evaluation Material strictly confidential, and not to disclose or use any of the Evaluation Material in any manner inconsistent with this Confidentiality Agreement; provided, however, that any of such information m","3,9,4,18,8","If you or any of the Representatives are requested or required (in the opinion of your counsel) by order of court, legal proceedings, subpoena, civil investigative demand, a governmental agency, a stock exchange or other similar process to disclose any of the Evaluation Material or any of the facts,",7,ranking_failure_gold_beyond_top_k,
train::535::nda-1,Contradiction,All Confidential Information shall be expressly identified by the Disclosing Party.,3,"(i) all business or financial information (including business plans, budgets, forecasts and financial projections) of the Company or its subsidiaries (or of others having business relationships with the Company), or concerning the Matter, whether or not marked or otherwise identified as confidential","4,2,0,6,5","Moreover, the Recipient agrees to transmit the Confidential Information to only those Representatives who need to know the Confidential Information for the purpose of facilitating the Recipient’s discussion with the Company and who are informed of the confidential nature of the Confidential Informat",6,ranking_failure_gold_beyond_top_k,
train::535::nda-19,Entailment,Some obligations of Agreement may survive termination of Agreement.,1,"The restrictions imposed on the disclosure of Confidential Information shall continue until the lesser of such time as the information disclosed hereunder is no longer Confidential Information and one (1) year from the date first written above, provided, that no such termination shall relieve Recipi","11,10,12,4,7","In the event that any one or more of the provisions contained in this Agreement, or the application thereof in any circumstances, is held invalid, illegal or unenforceable in any respect for any reason, the validity, legality and enforceability of any such provision in every other respect and of the",6,ranking_failure_gold_beyond_top_k,
train::535::nda-4,Entailment,Receiving Party shall not use any Confidential Information for any purpose other than the purposes stated in Agreement.,1,"As a condition to the Company’s disclosure of the Confidential Information to the Recipient, the Recipient hereby covenants and agrees that all Confidential Information will be kept confidential by the Recipient and will not, without the prior written consent of the Company, be disclosed by the Reci","2,4,6,7,1","Notwithstanding anything to the contrary in this Agreement, “Confidential Information” shall not include information that
(A) is or becomes generally available to the public other than
as a result of a breach of this Agreement by the Recipient; or (B) is or becomes available to the Recipient on a no",8,ranking_failure_gold_beyond_top_k,
train::536::nda-11,Entailment,Receiving Party shall not reverse engineer any objects which embody Disclosing Party's Confidential Information.,1,"Receiving Party shall not reverse-engineer, decompile or disassemble any software disclosed under this Agreement and shall not remove, overprint or change any notice, including as to ownership or confidentiality from any originals or copies of Confidential Information.","3,4,10,5,2","(c) ALL CONFIDENTIAL INFORMATION PROVIDED BY ORCC UNDER THIS AGREEMENT IS PROVIDED “AS IS”. ORCC MAKES ABSOLUTELY NO REPRESENTATIONS OR WARRANTIES, WHETHER EXPRESS, IMPLIED OR OTHERWISE, REGARDING THE ACCURACY, COMPLETENESS OR UTILITY OF ANY CONFIDENTIAL INFORMATION.
2. Use. Restriction of Confident",7,ranking_failure_gold_beyond_top_k,
train::536::nda-12,Entailment,Receiving Party may independently develop information similar to Confidential Information.,2,"(b) As used in this Agreement, “Confidential Information” specifically excludes any information that:  (iv) is independently developed by Receiving Party by way of persons or entities which have not used, referenced or had access to (directly or indirectly) Confidential Information.","7,5,4,10,6","Notwithstanding the foregoing, the Receiving Party may publicly disclose (i) Confidential Information of the type set forth in clause (iv) of Section 1 (a) above and (ii) the fact that the Parties are or have been discussing a proposed Transaction and/or the terms of such proposed Transaction, in ea",9,ranking_failure_gold_beyond_top_k,
train::536::nda-17,Entailment,Receiving Party may create a copy of some Confidential Information in some circumstances.,1,"Except to the extent expressly permitted under this Agreement, Receiving Party shall not disclose, disseminate or cause or permit any disclosure or unauthorized use of any Confidential Information, nor shall Receiving Party make any copies, reproductions, summaries or excerpts of any Confidential In","10,4,7,5,6","Notwithstanding the foregoing, Receiving Party may retain only such copies of Confidential Information, subject to the terms and conditions hereunder, as may be necessary or required in accordance with Receiving Party’s internal records retention policies and procedures for applicable legal, complia",11,ranking_failure_gold_beyond_top_k,
train::536::nda-13,Entailment,Receiving Party may acquire information similar to Confidential Information from a third party.,2,"(b) As used in this Agreement, “Confidential Information” specifically excludes any information that:  (iii) subsequent to disclosure hereunder, is lawfully received from a third party having rights therein without restriction of such third party’s or Receiving Party’s right to disseminate such info","7,5,4,6,10","Notwithstanding the foregoing, the Receiving Party may publicly disclose (i) Confidential Information of the type set forth in clause (iv) of Section 1 (a) above and (ii) the fact that the Parties are or have been discussing a proposed Transaction and/or the terms of such proposed Transaction, in ea",11,ranking_failure_gold_beyond_top_k,
train::538::nda-12,Entailment,Receiving Party may independently develop information similar to Confidential Information.,2,"The Confidential Information shall not include information that the Receiving Party can demonstrate  (c) has been independently developed by the Receiving Party without reference to, or the use of, any Confidential Information or ","1,2,15,9,4","1. Confidential Information; Representatives. (a) The Receiving Party is considering a possible business combination transaction (whether negotiated directly with the Company’s Board of Directors or otherwise) with respect to the Company (the “Transaction”), and, in order to assist the Receiving Par",7,ranking_failure_gold_beyond_top_k,
train::538::nda-18,Entailment,Receiving Party shall not solicit some of Disclosing Party's representatives.,7,"(B) any other employee of the Company whom the Receiving Party meets during its evaluation of the possible Transaction or about whom the Receiving Party receives Confidential Information; provided, however, a general advertisement or other recruiting efforts not specifically targeting any such emplo","17,4,10,3,6","12. Communications. Without the Company’s prior written consent, which may be withheld by the Company in its sole discretion, the Receiving Party shall not (and shall cause its Representatives not to) initiate, other than through the Company’s financial and legal advisors or such other persons, as d",6,ranking_failure_gold_beyond_top_k,
train::548::nda-2,Contradiction,Confidential Information shall only include technical information.,1,"b. “Confidential Information” shall mean any and all materials, records, data, documents, lists, writings, and information (whether in writing, printed, electronically stored, computerized, on disk or otherwise, including, but not limited to, all copies, summaries, analyses, drafts, and extracts) re","5,7,6,8,10","Confidential Information shall not include information that: (i) is or becomes readily or publicly available, not as a result of a violation of this Agreement or other obligation of confidence, directly or indirectly, of the disclosing party; (ii) is developed by other parties, including, but not li",6,ranking_failure_gold_beyond_top_k,
train::548::nda-19,Entailment,Some obligations of Agreement may survive termination of Agreement.,2,"Except as set forth below, the covenants in Sections 4, 5, 6 and 23 shall survive the termination of Employee’s employment with a Financial Institution regardless of the reason for termination.  If the Merger is not consummated and the Merger Agreement is terminated, Sections 4, 5, 6 and 23 shall su","11,15,20,14,2","In consideration of the covenants of all Financial Institutions contained herein, Employee agrees that during Employee’s employment with a Financial Institution, and for a period of two (2) years immediately following the termination of Employee’s employment with a Financial Institution, for whateve",9,ranking_failure_gold_beyond_top_k,
train::548::nda-18,Entailment,Receiving Party shall not solicit some of Disclosing Party's representatives.,3,"In consideration of the covenants of all Financial Institutions contained herein, Employee agrees that during Employee’s employment with a Financial Institution, and for a period of two (2) years immediately following the termination of Employee’s employment with a Financial Institution, for whateve","7,5,10,6,21","Nothing in this Section 4, or any other provision of this Agreement, shall be construed to prohibit Employee from reporting conduct to, providing truthful information to, or participating in any investigation or proceeding brought or conducted by any federal or state government agency or self-regula",6,ranking_failure_gold_beyond_top_k,
train::550::nda-19,Contradiction,Some obligations of Agreement may survive termination of Agreement.,1,The obligations of the parties under this Agreement will expire three (3) years from the date of this Agreement.,"6,2,7,1,3","Only those representations or warranties that are made to MDI or Scientific Games, as the case may be, in a Definitive Agreement when, as, and if it is executed, and subject to such limitations and restrictions as may be specified in such Definitive Agreement, will have any legal effect.
 (7) Each p",6,ranking_failure_gold_beyond_top_k,
train::551::nda-12,Entailment,Receiving Party may independently develop information similar to Confidential Information.,2,(d) is independently developed by you or your Representatives without violating your obligations under this Agreement. The Confidential Information shall not include information that ,"1,9,10,2,5","1. Confidential Information; Representatives. (a) The Receiving Party has indicated interest in cooperation possibilities, and, in order to assist the Receiving Party in evaluating such cooperation, the Company is prepared to make available to the Receiving Party certain information concerning the b",9,ranking_failure_gold_beyond_top_k,
train::551::nda-13,Entailment,Receiving Party may acquire information similar to Confidential Information from a third party.,2,(c) is disclosed to the Receiving Party or its Representatives by a third party not known by the Receiving Party or its Representatives to be bound by any duty or obligation of confidentiality on a non-confidential basis to the Company with regards to the information or  The Confidential Information,"1,9,10,4,5","1. Confidential Information; Representatives. (a) The Receiving Party has indicated interest in cooperation possibilities, and, in order to assist the Receiving Party in evaluating such cooperation, the Company is prepared to make available to the Receiving Party certain information concerning the b",8,ranking_failure_gold_beyond_top_k,
train::553::nda-18,Entailment,Receiving Party shall not solicit some of Disclosing Party's representatives.,3,"(v) induce or influence (or attempt to induce or influence) any person or entity who is engaged (as an employee, agent, independent contractor or otherwise) by Heritage, HBC or the Affiliated Companies to terminate his, her or its employment or engagement for the purpose of obtaining employment with","10,13,7,6,12","Each of Heritage, HBC and Shareholder acknowledges that the limitations of time, geography and scope of activity agreed to in Section 3 are reasonable because, among other things: (A) Heritage, HBC and Diablo are engaged in a highly competitive industry and have their operations in the Restricted Te",14,ranking_failure_gold_beyond_top_k,
train::556::nda-18,Entailment,Receiving Party shall not solicit some of Disclosing Party's representatives.,3,"11. Each party agrees that, for a period of three (3) years following the Effective Date, it will not, directly or indirectly, solicit for employment or employ, nor assist any third party in soliciting for employment or employing, nor recommend to any third party that they solicit for employment or ","6,15,11,7,10","Receiving Party shall bear the burden of showing that any of the foregoing exclusions applies to any information or materials.
 4. Receiving Party shall use all Confidential Information solely for the limited purpose(s) set forth on Attachment A (the “Purpose”) and shall hold in confidence and not d",12,ranking_failure_gold_beyond_top_k,
train::556::nda-8,Entailment,"Receiving Party shall notify Disclosing Party in case Receiving Party is required by law, regulation or judicial process to disclose any Confidential Information.",2,"3. Confidential Information shall not include information or material that  (vii) is required to be disclosed pursuant to any applicable statute, law, rule or regulation of any governmental authority or pursuant to any order of any court of competent jurisdiction, provided that Receiving Party shall","11,6,7,15,9","8. Receiving Party understands and acknowledges that Disclosing Party claims that such Confidential Information has been developed or obtained by Disclosing Party through the investment of significant time, effort and expense, and that such Confidential Information provides Disclosing Party with a s",8,ranking_failure_gold_beyond_top_k,
train::562::nda-1,Contradiction,All Confidential Information shall be expressly identified by the Disclosing Party.,1,"For the avoidance of doubt, the failure by the disclosing party to include any legend or other marking of the Evaluation Material as confidential or proprietary shall not be dispositive as to whether such information is Evaluation Material, provided that such information should reasonably be deemed ","1,5,4,6,14","As a condition to such information being furnished to each party and its controlled subsidiaries, directors, officers, employees, agents or advisors (including, without limitation, attorneys, accountants, consultants, bankers and financial advisors) (collectively, “Representatives”), each party agre",6,ranking_failure_gold_beyond_top_k,
train::562::nda-18,Entailment,Receiving Party shall not solicit some of Disclosing Party's representatives.,5,"In consideration of the Evaluation Material being furnished to you, each party agrees that for a period of one year from the date set forth above, without the other party’s prior written consent, neither party nor its affiliates will solicit, directly or indirectly, to employ any person who is now e","5,4,6,14,1","The receiving party shall safeguard the Confidential Information with at least the same degree of care to avoid unauthorized disclosure and use as Recipient uses to protect its own confidential information, but in no event less than a reasonable standard of care. The receiving party shall provide th",9,ranking_failure_gold_beyond_top_k,
train::562::nda-13,Entailment,Receiving Party may acquire information similar to Confidential Information from a third party.,5,The terms of this letter agreement shall not be construed to limit the receiving party’s right to develop independently or acquire products without use of the Evaluation Material.  The disclosing party acknowledges that receiving party may currently or in the future be developing information interna,"5,4,6,7,15","The receiving party shall safeguard the Confidential Information with at least the same degree of care to avoid unauthorized disclosure and use as Recipient uses to protect its own confidential information, but in no event less than a reasonable standard of care. The receiving party shall provide th",8,ranking_failure_gold_beyond_top_k,
train::566::nda-15,Entailment,Agreement shall not grant Receiving Party any right to Confidential Information.,2,"Neither the execution of this Agreement, nor the furnishing of any materials or Confidential Information hereunder, shall be construed as granting or conferring any rights to the other Party, either expressly or by implication, estoppel or otherwise, any license under any trademark, patent, copyrigh","13,4,2,8,9","The Receiving Party acknowledges that neither the Disclosing Party nor its Representatives makes any representation or warranty hereunder as to the accuracy or completeness of any Confidential Information of the Disclosing Party or other information disclosed pursuant to this Agreement, each Party a",9,ranking_failure_gold_beyond_top_k,
train::566::nda-1,Contradiction,All Confidential Information shall be expressly identified by the Disclosing Party.,1,"1.1. “Confidential Information” includes all non-public information, whether written or oral (whatever the form or storage medium), or gathered by inspection, or acquired, directly or indirectly, by one Party or its Representatives from the other Party or its Representatives in connection with a Pos","4,9,13,7,12","2.1. Each Party recognizes and acknowledges the value of the Confidential Information and the damage that could result if the Confidential Information were used or disclosed except as authorized by this Agreement. Except as otherwise required by applicable law or regulatory authority, each Party agr",10,ranking_failure_gold_beyond_top_k,
train::566::nda-4,Contradiction,Receiving Party shall not use any Confidential Information for any purpose other than the purposes stated in Agreement.,1,"Neither the execution of this Agreement, nor the furnishing of any materials or Confidential Information hereunder, shall be construed as granting or conferring any rights to the other Party, either expressly or by implication, estoppel or otherwise, any license under any trademark, patent, copyrigh","13,6,4,5,2","The Receiving Party acknowledges that neither the Disclosing Party nor its Representatives makes any representation or warranty hereunder as to the accuracy or completeness of any Confidential Information of the Disclosing Party or other information disclosed pursuant to this Agreement, each Party a",9,ranking_failure_gold_beyond_top_k,
train::567::nda-11,Entailment,Receiving Party shall not reverse engineer any objects which embody Disclosing Party's Confidential Information.,1,"Neither party shall reverse engineer, patent around, or directly or indirectly, commercially exploit the Confidential Information of the other party or use same for the benefit of others. ","3,4,8,6,7","The term “Confidential Information” as used herein shall not include information:
(I) which was generally available to or used by others, or the utility or value of such information is already generally known or recognized as a standard practice at the time it was communicated to the Receiving Party",8,ranking_failure_gold_beyond_top_k,
train::567::nda-4,Entailment,Receiving Party shall not use any Confidential Information for any purpose other than the purposes stated in Agreement.,1,Each party’s right to use the Confidential Information is limited to use for the benefit of the party disclosing the Confidential Information as necessary to carry out the stated purpose of this Agreement.,"3,7,4,8,2","The term “Confidential Information” as used herein shall not include information:
(I) which was generally available to or used by others, or the utility or value of such information is already generally known or recognized as a standard practice at the time it was communicated to the Receiving Party",9,ranking_failure_gold_beyond_top_k,
train::569::nda-5,Entailment,Receiving Party may share some Confidential Information with some of Receiving Party's employees.,3,"The Receiving Party shall, during the term of this Agreement and for a period of five (5) years after the termination of this Agreement, use reasonable care to maintain the confidentiality of Confidential Information and to limit its disclosure to only: (a) those of its directors, officers, employee","1,5,7,2,6","(a) ""Confidential Information"" as used in this Agreement is defined as written or oral information or materials, in whatever form, that (i) is disclosed by one party (the ""Disclosing Party"") to the other party (the ""Receiving Party"") in connection with the Discussions and/or the Negotiations; and (i",6,ranking_failure_gold_beyond_top_k,
train::570::nda-18,Entailment,Receiving Party shall not solicit some of Disclosing Party's representatives.,2,"(a) No Company Representative with knowledge of the potential business opportunity being explored will, directly or indirectly, recruit or solicit for hire any of the employees of ZipRealty set forth on Exhibit A, or aid anyone else in recruiting or soliciting for hire any of such employees, or indu","4,3,5,9,7","4. Disclosure Required by Law. In the event that the receiving party or any of its Representatives is requested or required by legal process to disclose any of the Confidential Information of the disclosing party, the receiving party will, if legally permissible, give prompt written notice to the di",8,ranking_failure_gold_beyond_top_k,
train::570::nda-5,Entailment,Receiving Party may share some Confidential Information with some of Receiving Party's employees.,1,"Neither party will disclose any Confidential Information of the other party to third parties except those directors, officers, employees, consultants and agents (collectively, “Representatives”) who need to have the information in order to carry out the Permitted Purpose. ","3,4,1,9,5","Each party has had or will have each of its Representatives who has access to Confidential Information of the other party agree to maintain the confidentiality thereof in accordance with the terms of this Agreement. In any event, each party will be liable for any breach of this Agreement by any of i",6,ranking_failure_gold_beyond_top_k,
train::571::nda-15,Entailment,Agreement shall not grant Receiving Party any right to Confidential Information.,2,"In addition, all proprietary and intellectual property rights in and to the Evaluation Material shall remain the sole property of Provider, and nothing in this Agreement shall be construed in any way to grant to Recipient or its Representatives or any other Person any express or implied option, lice","6,3,16,8,7","4. Non-Disclosure of Discussions. Subject to Section 5, Recipient agrees that, without the prior written consent of Provider, Recipient will not, and it will cause its Representatives not to, disclose to any other Person (i) that Evaluation Material has been provided to Recipient or Recipient’s Repr",6,ranking_failure_gold_beyond_top_k,
train::571::nda-2,Contradiction,Confidential Information shall only include technical information.,1,"(c) The term “Evaluation Material” means information (whether oral, written, electronic or otherwise) concerning Provider which has been or is furnished to Recipient or its Representatives (as defined below) by or on behalf of Provider in connection with Recipient’s evaluation of a Possible Transact","3,8,6,7,16","The term Evaluation Material does not include information which (i) is or becomes generally available to the public other than as a result of a disclosure by Recipient or any of its Representatives in breach of this Agreement, (ii) was within a Recipient’s possession prior to its being furnished to ",13,ranking_failure_gold_beyond_top_k,
train::571::nda-3,Entailment,Confidential Information may include verbally conveyed information.,1,"(c) The term “Evaluation Material” means information (whether oral, written, electronic or otherwise) concerning Provider which has been or is furnished to Recipient or its Representatives (as defined below) by or on behalf of Provider in connection with Recipient’s evaluation of a Possible Transact","6,3,7,14,8","4. Non-Disclosure of Discussions. Subject to Section 5, Recipient agrees that, without the prior written consent of Provider, Recipient will not, and it will cause its Representatives not to, disclose to any other Person (i) that Evaluation Material has been provided to Recipient or Recipient’s Repr",7,ranking_failure_gold_beyond_top_k,
train::571::nda-18,Entailment,Receiving Party shall not solicit some of Disclosing Party's representatives.,4,(iv) any “solicitation” of “proxies” (as such terms are used in the proxy rules of the Securities and Exchange Commission) or consents to vote any voting securities of Provider; Recipient’s Beneficial Ownership of the Provider’s capital stock as of the Effective Date is set forth on Schedule A attac,"6,4,7,3,8","4. Non-Disclosure of Discussions. Subject to Section 5, Recipient agrees that, without the prior written consent of Provider, Recipient will not, and it will cause its Representatives not to, disclose to any other Person (i) that Evaluation Material has been provided to Recipient or Recipient’s Repr",6,ranking_failure_gold_beyond_top_k,
train::571::nda-4,Entailment,Receiving Party shall not use any Confidential Information for any purpose other than the purposes stated in Agreement.,1,"Recipient shall, and shall direct its Representatives to, use the Evaluation Material solely for the purpose of evaluating and/or implementing a Possible Transaction, keep the Evaluation Material confidential, and, subject to Section 5, will not, and will direct its Representative not to, disclose a","16,6,3,5,8","13. No Representations or Warranties; No Obligation to Disclose. Recipient understands and acknowledges that neither Provider nor its Representatives makes any representation or warranty, express or implied, as to the accuracy or completeness of the Evaluation Material furnished by or on behalf of P",9,ranking_failure_gold_beyond_top_k,
train::572::nda-10,Entailment,Receiving Party shall not disclose the fact that Agreement was agreed or negotiated.,2,"“Confidential Information” means any information, technical data or know-how, software, data and analysis, including without limitation information relating to or including released or unreleased products and services, product development efforts, the marketing or promotion of any product, business ","5,4,15,9,8","The receiving party will not disclose, nor will it permit its Associates to disclose, any Confidential Information of the disclosing party to third parties except to those Associates of the receiving party who need to know the information for the purpose of helping the receiving party evaluate, purs",9,ranking_failure_gold_beyond_top_k,
train::572::nda-1,Contradiction,All Confidential Information shall be expressly identified by the Disclosing Party.,1,"“Confidential Information” means any information, technical data or know-how, software, data and analysis, including without limitation information relating to or including released or unreleased products and services, product development efforts, the marketing or promotion of any product, business ","3,1,5,15,8","The term “Confidential Information” shall be deemed to include those portions of any notes, analyses, summaries, compilations, studies, interpretations, memoranda or other documents (regardless of the form thereof) prepared by the receiving party or its Associates which contain or are based upon, in",11,ranking_failure_gold_beyond_top_k,
train::572::nda-18,Entailment,Receiving Party shall not solicit some of Disclosing Party's representatives.,1,"The Company agrees that for a period of twelve (12) months following the date of this Agreement, it will not solicit and will not permit any of its Affiliates (in each case who is or becomes aware of the possible Transaction or is otherwise provided with Confidential Information) to solicit for empl","5,15,4,1,9","The receiving party will not disclose, nor will it permit its Associates to disclose, any Confidential Information of the disclosing party to third parties except to those Associates of the receiving party who need to know the information for the purpose of helping the receiving party evaluate, purs",14,ranking_failure_gold_beyond_top_k,
train::574::nda-15,Entailment,Agreement shall not grant Receiving Party any right to Confidential Information.,8,"(a) COMPANY agrees that XPLORE Information is and shall at all times remain the property of XPLORE.  No use of such XPLORE Information is permitted except as otherwise provided herein and no grant under any of XPLORE’s intellectual property rights is hereby given or intended, including any license (","1,10,2,23,18","2. Without the prior written consent of the other Party or except as otherwise provided herein, neither COMPANY nor XPLORE will: (i) distribute or disclose to any other person any of the other Party’s Information; (ii) permit any other person to have access to the other Party’s Information; (iii) us",8,ranking_failure_gold_beyond_top_k,
train::574::nda-2,Contradiction,Confidential Information shall only include technical information.,1,"In addition, the Parties agree that any trade secrets of the other Party which are identified (whether orally or in writing) by the disclosing Party as trade secrets and disclosed to such Party pursuant to this Agreement shall continue to be held confidentially by such Party pursuant to the terms of","7,5,8,6,1","(b) All written XPLORE Information shall be information which is or would generally be considered to be confidential and/or proprietary information, and any information disclosed orally or visually shall be considered confidential Information if it is information which is or would generally be consi",6,ranking_failure_gold_beyond_top_k,
train::574::nda-12,Entailment,Receiving Party may independently develop information similar to Confidential Information.,14,COMPANY  Information does not include information that XPLORE can clearly demonstrate falls within any of the following:  (iv) information that is independently acquired or developed by XPLORE that XPLORE can demonstrate was acquired or developed without reference to COMPANY’s Information; or  XPLOR,"18,2,1,5,16","11. Each of the Parties agrees that the Information shall not be exported directly or indirectly to any restricted or prohibited country without the prior written consent of the Bureau of Industry & Security of the U.S. Department of Commerce, where such consent is required to be obtained. Each Part",7,ranking_failure_gold_beyond_top_k,
train::574::nda-18,Entailment,Receiving Party shall not solicit some of Disclosing Party's representatives.,8,"5. For a period of eighteen (18) months from the date hereof, neither COMPANY nor its subsidiaries will, directly or indirectly, solicit to hire or hire any  (i) officers of XPLORE,  (ii) management-level employees of XPLORE or its affiliates with whom COMPANY or its Representatives have had direct ","16,2,9,10,1","Each Party understands and agrees that (i) the other Party (a) shall be free to conduct the process for a Transaction as it in its sole discretion shall determine (including changing or terminating such process, providing any information to any other Person, negotiating with any other Person or ente",10,ranking_failure_gold_beyond_top_k,
train::574::nda-13,Entailment,Receiving Party may acquire information similar to Confidential Information from a third party.,15,"COMPANY  Information does not include information that XPLORE can clearly demonstrate falls within any of the following:  (iii) information that becomes legally available to XPLORE on a non-confidential basis from any third party, the disclosure of which to XPLORE does not, to XPLORE’s knowledge, vi","2,18,9,1,3","In addition, the Parties agree that any trade secrets of the other Party which are identified (whether orally or in writing) by the disclosing Party as trade secrets and disclosed to such Party pursuant to this Agreement shall continue to be held confidentially by such Party pursuant to the terms of",11,ranking_failure_gold_beyond_top_k,
train::576::nda-15,Entailment,Agreement shall not grant Receiving Party any right to Confidential Information.,2,"OCERA and COMPANY each acknowledges that all property rights in the other party’s Proprietary Information are owned by the other party, and that none of such rights are owned by the party to which such Proprietary Information is disclosed.  Each of the parties hereto further acknowledges that the ot","2,3,1,5,6","Each party hereto shall take reasonable and necessary measures to preserve the secrecy and confidentiality and avoid the unauthorized use or disclosure of the other party’s Proprietary Information, including, without limitation, taking such measures of protection as it takes to protect its own confi",6,ranking_failure_gold_beyond_top_k,
train::577::nda-2,Contradiction,Confidential Information shall only include technical information.,1,"As a condition to the Company’s furnishing to you and your representatives financial and other information which has not theretofore been made available to the public, you and your representatives agree to treat all such non-public information furnished to you and your representatives in writing or ","7,6,5,2,4","All the Confidential Evaluation Material will be and remains the property of the Company.
(7) The following information provided by the Company shall not be deemed Confidential Evaluation Material: (A) any information that is or becomes generally available to the public other than as a result of an ",9,ranking_failure_gold_beyond_top_k,
train::577::nda-3,Entailment,Confidential Information may include verbally conveyed information.,1,"As a condition to the Company’s furnishing to you and your representatives financial and other information which has not theretofore been made available to the public, you and your representatives agree to treat all such non-public information furnished to you and your representatives in writing or ","7,3,4,2,1","All the Confidential Evaluation Material will be and remains the property of the Company.
(7) The following information provided by the Company shall not be deemed Confidential Evaluation Material: (A) any information that is or becomes generally available to the public other than as a result of an ",8,ranking_failure_gold_beyond_top_k,
train::579::nda-15,Entailment,Agreement shall not grant Receiving Party any right to Confidential Information.,1,This Agreement does not grant a Recipient or any of its Representatives any license to use the Provider’s Evaluation Material except as provided herein.,"2,5,6,15,4","The term Evaluation Material does not include information which (i) is or becomes generally available to the public other than as a result of a disclosure by the Recipient or its Representatives in breach of this Agreement, (ii) was within the Recipient’s possession prior to its being furnished to t",6,ranking_failure_gold_beyond_top_k,
train::579::nda-2,Contradiction,Confidential Information shall only include technical information.,1,"(a) The term “Evaluation Material” means information concerning the Provider which has been or is furnished to the Recipient or its Representatives (as defined below) in connection with the Recipient’s evaluation of a Possible Transaction, including its business, financial condition, operations, ass","2,6,5,15,3","The term Evaluation Material does not include information which (i) is or becomes generally available to the public other than as a result of a disclosure by the Recipient or its Representatives in breach of this Agreement, (ii) was within the Recipient’s possession prior to its being furnished to t",12,ranking_failure_gold_beyond_top_k,
train::581::nda-19,Entailment,Some obligations of Agreement may survive termination of Agreement.,3,"This Agreement, subject to the terms and conditions imposed on the removal of Confidential Information under Paragraph 6, sets forth the entire agreement between the Parties with respect to the subject matter hereof, and it may not be modified or amended except by a written agreement executed by the","13,14,10,15,3","15. Severability. If any provision of this Agreement is declared to be invalid, void or unenforceable, (a) the remaining provisions of this Agreement shall continue in full force and effect, and (b) the invalid or unenforceable provision shall be replaced by mutual agreement of the Parties in writin",9,ranking_failure_gold_beyond_top_k,
train::581::nda-12,Entailment,Receiving Party may independently develop information similar to Confidential Information.,1,The confidentiality and non-use provisions of this Agreement shall not include information that the Receiving Party is able to demonstrate by competent proof:,"3,7,9,8,5","(c) “Receiving Party” Shall mean the Party receiving disclosure of the Confidential Information.
 (d) It is specifically understood and agreed that Confidential Information shall include the existence of this Agreement and its terms and the fact that the Parties are discussing and evaluating the Bus",11,ranking_failure_gold_beyond_top_k,
train::581::nda-3,Entailment,Confidential Information may include verbally conveyed information.,1,"WHEREAS the Parties recognize that in the course of their discussions to further the Business Purpose, it may become necessary for either NEW RIVER or SHIRE or both Parties to disclose Confidential Information (as defined below) to a Receiving Party, whether orally, in writing, graphically, electron","5,8,3,2,9","(a) Subject to the restrictions set forth below in this Section 4, each Party may disclose the other Party’s Confidential Information to its directors, officers, employees, legal advisors, financial advisors and accountants, each bound by obligations of confidentiality consistent with this Agreement",13,ranking_failure_gold_beyond_top_k,
train::583::nda-12,Entailment,Receiving Party may independently develop information similar to Confidential Information.,2,"(v) is independently developed by the receiving party or any of its Representatives without use of Evaluation Material and can be proved by competent evidence,  The term ""Evaluation Material"" does not include information which ","4,8,7,5,6","Each party hereby agrees that it and its Representatives shall use the other's Evaluation Material solely for the purposes of evaluating a possible Transaction between the parties and, if the parties determine to proceed with a Transaction, the negotiation, execution and performance of a definitive ",6,ranking_failure_gold_beyond_top_k,
train::583::nda-3,Entailment,Confidential Information may include verbally conveyed information.,1,"The term ""Evaluation Material"" also shall be deemed to include all notes, analyses, compilations, studies, interpretations or other documents (whether in paper, electronic or any other form) prepared by each or its Representatives which contain, reflect or are based upon, in whole or in part, the in","7,5,6,2,4","If, in the absence of a protective order or other remedy or the receipt of a waiver by such other party, the party requested or required to make the disclosure or any of its Representatives are nonetheless, in the opinion of counsel, legally compelled to disclose the other party's Evaluation Materia",10,ranking_failure_gold_beyond_top_k,
train::583::nda-18,Entailment,Receiving Party shall not solicit some of Disclosing Party's representatives.,1,"During the term of this Agreement, neither party shall, without the prior written consent of the other party, directly or indirectly solicit the employment of any employee of such other party, unless such employee seeks employment on an unsolicited basis or in response to general solicitations or ad","4,5,8,7,6","Each party hereby agrees that it and its Representatives shall use the other's Evaluation Material solely for the purposes of evaluating a possible Transaction between the parties and, if the parties determine to proceed with a Transaction, the negotiation, execution and performance of a definitive ",9,ranking_failure_gold_beyond_top_k,
train::583::nda-13,Entailment,Receiving Party may acquire information similar to Confidential Information from a third party.,2,"The term ""Evaluation Material"" does not include information which  (iii) is or becomes available to the receiving party on a non-confidential basis from a source other than the disclosing party or any of its Representatives, provided that such source was not known by the receiving party to be bound ","6,7,5,4,8","In the event that a party or its Representatives are requested or required (by oral questions, interrogatories, requests for information or documents in legal proceedings, subpoena, civil investigative demand or other similar process) to disclose any of the other party's Evaluation Material, the par",6,ranking_failure_gold_beyond_top_k,
train::587::nda-7,Contradiction,"Receiving Party may share some Confidential Information with some third-parties (including consultants, agents and professional advisors).",2,"(i) disclose or transfer any Proprietary Information to any Person other than the Company or  Except as may otherwise be required by law, Kennedy agrees not to, without the Company’s prior written consent, ","9,8,3,14,5","3. Other Agreements; Indemnification. Kennedy hereby represents that, except as he has disclosed in writing to Company, Kennedy is not bound by the terms of any agreement with any previous employer or other party to refrain from (i) competing, directly or indirectly, with the business of such previo",8,ranking_failure_gold_beyond_top_k,
train::588::nda-12,Entailment,Receiving Party may independently develop information similar to Confidential Information.,2,The term “Evaluation Material” does not include information which  (iv) is independently developed by Vector without the use of any Evaluation Material and without any other violation of this agreement.,"6,5,3,8,4","If, in the absence of any protective order or other remedy or the receipt of a waiver by the Other Party, the Disclosure Party or any of its Representatives determines in good faith, after consultation with the Disclosure Party’s outside counsel or such Representative’s counsel, as applicable, that ",7,ranking_failure_gold_beyond_top_k,
train::588::nda-3,Entailment,Confidential Information may include verbally conveyed information.,1,"As a condition to such information being made available to Vector and Vector’s potential financing sources and its and their respective directors, officers, employees, agents or advisors (including, without limitation, attorneys, accountants, consultants, bankers and financial advisors) (collectivel","6,5,3,8,2","If, in the absence of any protective order or other remedy or the receipt of a waiver by the Other Party, the Disclosure Party or any of its Representatives determines in good faith, after consultation with the Disclosure Party’s outside counsel or such Representative’s counsel, as applicable, that ",7,ranking_failure_gold_beyond_top_k,
train::588::nda-18,Entailment,Receiving Party shall not solicit some of Disclosing Party's representatives.,3,"(a) any officers or other senior key employees of Captaris or any of its business units so long as they are employed by the Captaris or its business units, without obtaining the prior written consent of Captaris, and  (b) any of the other employees of Captaris or any of its business units with whom ","4,6,14,3,16","In addition, except as required by law or any rule of any self-regulatory organization, each of Captaris and Vector agrees that, without the prior written consent of the other party, it and its Representatives will not disclose to any other person the fact that the Evaluation Material has been excha",7,ranking_failure_gold_beyond_top_k,
train::588::nda-13,Entailment,Receiving Party may acquire information similar to Confidential Information from a third party.,2,"The term “Evaluation Material” does not include information which  (iii) becomes available to Vector on a nonconfidential basis from a source other than Captaris or any of its Representatives, provided that such source was not known by Vector to be bound by a confidentiality agreement with or other ","6,5,3,8,4","If, in the absence of any protective order or other remedy or the receipt of a waiver by the Other Party, the Disclosure Party or any of its Representatives determines in good faith, after consultation with the Disclosure Party’s outside counsel or such Representative’s counsel, as applicable, that ",6,ranking_failure_gold_beyond_top_k,
train::589::nda-19,Contradiction,Some obligations of Agreement may survive termination of Agreement.,1,"14. Except as otherwise provided in paragraph 8 above, this Agreement and all obligations of the parties hereunder, notwithstanding anything to the contrary that may be contained herein, shall terminate one (1) year from the date of this Agreement.","9,7,4,6,10","9. The Parties hereby acknowledge that in the event that any provision or portion of this letter agreement is determined to be invalid, illegal or unenforceable for any reason, in whole or in part, the remaining provisions of this Agreement shall be unaffected thereby and shall remain in full force ",10,ranking_failure_gold_beyond_top_k,
train::593::nda-1,Contradiction,All Confidential Information shall be expressly identified by the Disclosing Party.,1,"As used in this Agreement, the term “Evaluation Material” means all information concerning the Company (whether furnished on or after the date hereof, whether prepared by the Company, its Representatives or otherwise, whether or not marked as being confidential, and irrespective of the form of commu","4,7,27,19,11","You and your Representatives shall use the Evaluation Material solely for the purpose of considering, evaluating and negotiating a Transaction, shall not use any of the Evaluation Material for any other purpose, shall keep the Evaluation Material strictly confidential, and, except as provided in thi",19,ranking_failure_gold_beyond_top_k,
train::593::nda-19,Entailment,Some obligations of Agreement may survive termination of Agreement.,2,"Notwithstanding the return or destruction of the Evaluation Material, you and your Representatives shall continue to be bound by your and their confidentiality obligations hereunder. This Agreement, and the parties’ respective rights and obligations hereunder, shall terminate on the second anniversa","19,12,27,23,7","The parties hereto agree that unless and until a definitive agreement between them with respect to a Transaction has been executed and delivered by them and any such other parties, with the intention of being legally binding as aforesaid, neither party nor any of their respective affiliates shall be",9,ranking_failure_gold_beyond_top_k,
train::593::nda-3,Entailment,Confidential Information may include verbally conveyed information.,1,"As used in this Agreement, the term “Evaluation Material” means all information concerning the Company (whether furnished on or after the date hereof, whether prepared by the Company, its Representatives or otherwise, whether or not marked as being confidential, and irrespective of the form of commu","3,7,5,22,4","The term “Evaluation Material” does not include information that (a) has become generally known to the public other than as a result of a disclosure by you or your Representatives in breach of this Agreement, (b) was within your possession prior to it being furnished to you by or on behalf of the Co",6,ranking_failure_gold_beyond_top_k,
train::593::nda-8,Entailment,"Receiving Party shall notify Disclosing Party in case Receiving Party is required by law, regulation or judicial process to disclose any Confidential Information.",1,"If you or any of your Representatives are required, requested or compelled in any judicial, governmental, administrative or other legal proceeding, or pursuant to subpoena, civil investigative demand or other compulsory process to disclose any Evaluation Material or any Transaction Information, you ","7,19,22,4,3","It in the absence of a protective order or other remedy or the receipt of a waiver by the Company, you or any of your Representatives determine, after consultation with and upon the advice of legal counsel, that you or any such Representative are legally compelled to disclose Evaluation Material or ",9,ranking_failure_gold_beyond_top_k,
train::594::nda-18,Entailment,Receiving Party shall not solicit some of Disclosing Party's representatives.,1,"In consideration of the Evaluation Material being furnished to you, you agree that for a period of two years from the date hereof, you will not, directly or indirectly, solicit for employment or employ any of the employees of the Seller while such employees remain employed by the Seller or its affil","6,15,4,10,11","If, in the absence of a protective order or other remedy or the receipt of a waiver, such first party or any of its Representatives are nonetheless legally compelled by any requirement described in the first sentence of this Section 4 to disclose the Evaluation Material to such third party, such par",6,ranking_failure_gold_beyond_top_k,
train::594::nda-17,Entailment,Receiving Party may create a copy of some Confidential Information in some circumstances.,1,You shall not make more copies of the Evaluation Material than are reasonably necessary to perform the Evaluation.,"6,12,7,5,2","If, in the absence of a protective order or other remedy or the receipt of a waiver, such first party or any of its Representatives are nonetheless legally compelled by any requirement described in the first sentence of this Section 4 to disclose the Evaluation Material to such third party, such par",6,ranking_failure_gold_beyond_top_k,
train::594::nda-4,Entailment,Receiving Party shall not use any Confidential Information for any purpose other than the purposes stated in Agreement.,1,"You agree that you and your Representatives will use the Evaluation Material solely for the purpose of proposing, evaluating, negotiating and consummating a Possible Transaction in accordance with the terms of this Agreement (the “Evaluation”) and that any other use of the Evaluation Material will c","4,11,10,2,6","3. Non-Disclosure of Possible Transaction. Except as set forth elsewhere in this Agreement, each of the parties hereby acknowledges and agrees that, without the other party’s prior written consent, it will not disclose to any third party the existence of this Agreement, the fact that any Evaluation ",7,ranking_failure_gold_beyond_top_k,
train::602::nda-15,Entailment,Agreement shall not grant Receiving Party any right to Confidential Information.,1,"Except as may otherwise set forth in a written agreement between the parties relating to the Transaction, all Confidential Information (including tangible copies and computerized or electronic versions thereof and also all Confidential Information contained in all deliverables and work papers), incl","3,4,1,2,18",2. Exclusions from Definition. The term “Confidential Information” as used herein does not include any data or information which the receiving Party can demonstrate: (a) is already known to the receiving Party on a nonproprietary basis at the time it is disclosed to the receiving Party; (b) is or be,15,ranking_failure_gold_beyond_top_k,
train::604::nda-15,Entailment,Agreement shall not grant Receiving Party any right to Confidential Information.,1,All Evaluation Material shall remain the property of the disclosing party and the receiving party agrees not to assert any claim of title or ownership in the disclosing party’s Evaluation Material or any portion thereof. ,"4,10,9,7,3","Each party understands and agrees that it will be disclosing to the other party and/or its Representatives under this Agreement (i) information solely for the purpose of enabling the receiving party and its Representatives to evaluate a Transaction, and reasonably believes that such disclosure will ",7,ranking_failure_gold_beyond_top_k,
train::604::nda-10,Entailment,Receiving Party shall not disclose the fact that Agreement was agreed or negotiated.,2,"In addition to the foregoing, the term “Evaluation Material” also shall be deemed to include  (i) the fact that any Evaluation Material has been made available hereunder, that discussions or negotiations are taking place concerning a Transaction and any of the terms, conditions or other facts with r","4,7,3,10,8","Each party understands and agrees that it will be disclosing to the other party and/or its Representatives under this Agreement (i) information solely for the purpose of enabling the receiving party and its Representatives to evaluate a Transaction, and reasonably believes that such disclosure will ",13,ranking_failure_gold_beyond_top_k,
train::604::nda-2,Contradiction,Confidential Information shall only include technical information.,2,"In connection with your consideration of a possible negotiated strategic transaction between Isilon Systems, Inc. (“Isilon”) and EMC Corporation (“you”; and each of Isilon and you, a “party”; and such transaction, a “Transaction”), Isilon and you have made and expect to make available to one another","3,7,9,1,5","The term “Evaluation Material” does not include, however, information which (A) is or becomes generally available to the public through no fault of (including any breach of this Agreement by) the receiving party or any of its Representatives, (B) was within the receiving party’s possession prior to ",6,ranking_failure_gold_beyond_top_k,
train::604::nda-19,Entailment,Some obligations of Agreement may survive termination of Agreement.,1,"Notwithstanding the return or destruction of all Evaluation Material, each party and its Representatives shall continue to be bound by its obligations of confidentiality and other obligations hereunder.","17,16,15,10,8",The term of this Agreement shall be five (5) years from the date first written above. This Agreement may be executed in two or more counterparts. The exchange of signature pages to this Agreement (in counterparts or otherwise) by facsimile transmission or other electronic transmission shall be suffi,12,ranking_failure_gold_beyond_top_k,
train::607::nda-12,Entailment,Receiving Party may independently develop information similar to Confidential Information.,2,(iii) independently developed by the Receiving Party or the Receiving Party’s Representatives without the benefit or usage of or reference to the Confidential Information.  The obligations of Sections 2(a)-(c) of this Agreement shall not apply to any information which is ,"1,3,9,7,4","1. Confidential Information
For the purposes of this Agreement “Confidential Information” means all information concerning or provided by the disclosing Party (“Disclosing Party”) to the receiving Party (“Receiving Party”) or its Representatives (whether in writing, or in oral, graphic, electronic o",11,ranking_failure_gold_beyond_top_k,
train::607::nda-18,Entailment,Receiving Party shall not solicit some of Disclosing Party's representatives.,1,"For a period commencing on the date of this Agreement and ending one (1) year thereafter (the “Specified Period”), each Party will not, directly or indirectly, solicit for employment any “Qualifying Person,” provided, however, that this section will not prevent either Party from: ","4,9,7,3,2","Each Party hereby acknowledges that it is aware, and it will advise its Representatives who are informed as to the matters which are the subject of this Agreement, that Confidential Information may include material non-public information and that United States securities laws impose restrictions on ",10,ranking_failure_gold_beyond_top_k,
train::607::nda-13,Entailment,Receiving Party may acquire information similar to Confidential Information from a third party.,2,"(ii) lawfully obtained by the Receiving Party from sources independent of Disclosing Party; provided such source was not, to the Receiving Party’s knowledge, bound by a confidentiality agreement with the Disclosing Party or otherwise prohibited from transmitting such information by contractual, lega","1,9,3,4,6","1. Confidential Information
For the purposes of this Agreement “Confidential Information” means all information concerning or provided by the disclosing Party (“Disclosing Party”) to the receiving Party (“Receiving Party”) or its Representatives (whether in writing, or in oral, graphic, electronic o",7,ranking_failure_gold_beyond_top_k,
train::614::nda-18,Entailment,Receiving Party shall not solicit some of Disclosing Party's representatives.,6,"(b) make, or in any way participate in, directly or indirectly, any “solicitation” of “proxies” (as such terms are used in the proxy rules of the Securities and Exchange Commission) or consents to vote, or seek to advise or influence any person with respect to the voting of, any voting securities of","3,1,19,7,4","Notwithstanding the foregoing, the term “Confidential Information” does not include information which Recipient can demonstrate (a) was known by the Recipient or its Affiliates or Representatives in their capacity as such prior to the time of disclosure to the Recipient by or on behalf of the Disclo",8,ranking_failure_gold_beyond_top_k,
train::615::nda-15,Entailment,Agreement shall not grant Receiving Party any right to Confidential Information.,1,"The Evaluation Material provided by the Disclosing Party or its Representatives (including to the extent reflected or included in derivative works) is owned solely and exclusively by the Disclosing Party, shall remain the exclusive property of the Disclosing Party, and the Recipient shall have no ri","18,3,26,23,21",(c) Definitive Agreement. This Agreement does not constitute a binding agreement or obligation to reach a final and definitive agreement with respect to the Proposed Transaction and no contract or agreement providing for any transaction shall be deemed to exist until a final and definitive agreement,19,ranking_failure_gold_beyond_top_k,
train::615::nda-10,Entailment,Receiving Party shall not disclose the fact that Agreement was agreed or negotiated.,2,"“Evaluation Material” means  (c) this Agreement, the terms, provisions and conditions of this Agreement, the existence or purpose of this Agreement or the Proposed Transaction or any of the terms, conditions or other facts with respect to the Proposed Transaction, including without limitation, the f","18,21,17,3,14",(c) Definitive Agreement. This Agreement does not constitute a binding agreement or obligation to reach a final and definitive agreement with respect to the Proposed Transaction and no contract or agreement providing for any transaction shall be deemed to exist until a final and definitive agreement,16,ranking_failure_gold_beyond_top_k,
train::615::nda-12,Entailment,Receiving Party may independently develop information similar to Confidential Information.,8,"“Evaluation Material” means  (a) all confidential and/or proprietary information, data, agreements, documents, reports, “know-how”, interpretations, plans, studies, forecasts, projections and records (whether in oral or written form, electronically stored or otherwise) containing or otherwise reflec","2,23,21,17,4","Prior to disclosure of any Evaluation Material to KPS, KPS shall execute and deliver to the Disclosing Party a joinder in the form of Exhibit A attached hereto. With respect to KPS, its “Representatives” shall include only its officers, directors, accountants, attorneys, consultants and advisors, an",12,ranking_failure_gold_beyond_top_k,
train::615::nda-18,Entailment,Receiving Party shall not solicit some of Disclosing Party's representatives.,1,"The Recipient shall not, and shall cause its affiliates that have received Evaluation Material hereunder not to, for a period of eighteen (18) months from the date hereof, solicit or employ any Covered Employee (as defined below) of the Disclosing Party or any of its affiliates without the written c","21,12,23,17,8","(a) Notwithstanding anything in this Agreement to the contrary, the Disclosing Party acknowledges that the Recipient or the Recipient’s Representatives may be engaged in business in which the Recipient or the Recipient’s Representatives may compete with the Disclosing Party. Subject to compliance wi",9,ranking_failure_gold_beyond_top_k,
train::615::nda-13,Entailment,Receiving Party may acquire information similar to Confidential Information from a third party.,8,"“Evaluation Material” means  (a) all confidential and/or proprietary information, data, agreements, documents, reports, “know-how”, interpretations, plans, studies, forecasts, projections and records (whether in oral or written form, electronically stored or otherwise) containing or otherwise reflec","21,4,13,14,2","(a) Notwithstanding anything in this Agreement to the contrary, the Disclosing Party acknowledges that the Recipient or the Recipient’s Representatives may be engaged in business in which the Recipient or the Recipient’s Representatives may compete with the Disclosing Party. Subject to compliance wi",10,ranking_failure_gold_beyond_top_k,
train::616::nda-3,Entailment,Confidential Information may include verbally conveyed information.,1,"For all purposes of this Agreement, the term “Confidential Information” shall collectively refer to all information or material disclosed or provided by the Company to Recipient, either orally or in writing, or obtained by Recipient from a third party or any other source, regardless of the manner in","4,1,6,2,5","2.2 Request for Production of Confidential Information. In the event that Recipient is requested or required (by oral questions, interrogatories, requests for information or documents in legal proceedings, subpoena, civil investigative demand or other similar process or by any law, rule or regulatio",10,ranking_failure_gold_beyond_top_k,
train::616::nda-18,Entailment,Receiving Party shall not solicit some of Disclosing Party's representatives.,3,"Unless approved in advance in writing by the board of directors of the Company, the Recipient agrees that it will not, for a period of one (1) year after the date of this Agreement, directly or indirectly: 6.1 make any statement or proposal to the board of directors of any of the Company, any of the","6,2,3,17,13","Notwithstanding the above, the Recipient may disclose Confidential Information to (1) directors, officers, and employees of its parent company or, (2) directors, officers, and employees of a wholly-owned subsidiary of its parent company or, (3) directors, officers employees of the Recipient’s wholly",6,ranking_failure_gold_beyond_top_k,
train::618::nda-15,Entailment,Agreement shall not grant Receiving Party any right to Confidential Information.,1,This Agreement does not grant the Recipient or any of its Representatives any license to use the Provider’s Evaluation Material except as provided herein. ,"7,4,6,5,17","Notwithstanding the foregoing, Recipient and its Representatives may disclose such information, and need not provide such notice, in connection with a routine blanket audit or proceeding (including in response to oral questions or requests for information or documents) involving the Recipient or its",7,ranking_failure_gold_beyond_top_k,
train::618::nda-2,Contradiction,Confidential Information shall only include technical information.,1,"(a) The term “Evaluation Material” means information concerning the Provider which is furnished on or after November 8, 2011 to the Recipient or its Representatives (as defined below) on the Recipient's behalf in connection with the Recipient’s evaluation of a Possible Transaction, including its bus","6,9,7,17,3","If, in the absence of a protective order or other remedy or the receipt of a waiver by the Provider, the Recipient or any of its Representatives is nonetheless legally compelled or required by law to disclose Evaluation Material or any of the facts disclosure of which is prohibited under Section 4, ",6,ranking_failure_gold_beyond_top_k,
train::618::nda-7,Entailment,"Receiving Party may share some Confidential Information with some third-parties (including consultants, agents and professional advisors).",2,"The Recipient and its Representatives will use the Evaluation Material solely for the purpose of evaluating a Possible Transaction and, subject to Section 5, will not disclose any of the Evaluation Material in any manner whatsoever; provided, however, that any of such information may be disclosed to","7,9,15,6,4","Notwithstanding the foregoing, Recipient and its Representatives may disclose such information, and need not provide such notice, in connection with a routine blanket audit or proceeding (including in response to oral questions or requests for information or documents) involving the Recipient or its",6,ranking_failure_gold_beyond_top_k,
train::618::nda-8,Entailment,"Receiving Party shall notify Disclosing Party in case Receiving Party is required by law, regulation or judicial process to disclose any Confidential Information.",1,"If the Recipient or its Representatives are requested or required (by oral questions, interrogatories, other requests for information or documents in legal proceedings, subpoena, civil investigative demand or other similar process) to disclose any of the Evaluation Material or any of the facts discl","7,6,4,15,14","Notwithstanding the foregoing, Recipient and its Representatives may disclose such information, and need not provide such notice, in connection with a routine blanket audit or proceeding (including in response to oral questions or requests for information or documents) involving the Recipient or its",6,ranking_failure_gold_beyond_top_k,
train::618::nda-5,Entailment,Receiving Party may share some Confidential Information with some of Receiving Party's employees.,2,"The Recipient and its Representatives will use the Evaluation Material solely for the purpose of evaluating a Possible Transaction and, subject to Section 5, will not disclose any of the Evaluation Material in any manner whatsoever; provided, however, that any of such information may be disclosed to","7,15,6,4,9","Notwithstanding the foregoing, Recipient and its Representatives may disclose such information, and need not provide such notice, in connection with a routine blanket audit or proceeding (including in response to oral questions or requests for information or documents) involving the Recipient or its",7,ranking_failure_gold_beyond_top_k,
train::619::nda-3,Entailment,Confidential Information may include verbally conveyed information.,1,"As used herein, “Confidential Information” shall mean any and all technical and non-technical information previously, presently, or subsequently disclosed or provided by Disclosing Party and/or one or more of its Affiliates to Receiving Party and/or one or more of its Affiliates in written, oral or ","6,5,2,7,4","(c) Exclusions. The confidentiality, non-disclosure and non-use obligations of this Agreement shall not apply to Confidential Information disclosed to the Receiving Party that: (i) can be shown by written evidence to be in the Receiving Party’s possession before receipt of the Confidential Informati",11,ranking_failure_gold_beyond_top_k,
train::620::nda-3,Entailment,Confidential Information may include verbally conveyed information.,1,"As a condition to being furnished such confidential and proprietary information, you agree to treat any such information, whether written or oral, concerning the Company or any of its subsidiaries, Affiliates (as such term is defined in Rule 12b-2 of the Securities Exchange Act of 1934, as amended) ","7,5,4,3,1","In the event that such protective order or other remedy is not obtained or that the Company waives compliance with the provisions hereof, (i) you or your Representatives, as the case may be, may disclose only that portion of the Evaluation Material or Transaction Information which you or your Repres",8,ranking_failure_gold_beyond_top_k,
train::620::nda-18,Entailment,Receiving Party shall not solicit some of Disclosing Party's representatives.,3,"You agree that, for a period of one year from the date of this letter agreement, neither you nor any of your Affiliates who are provided with Evaluation Material or become aware of your discussions regarding the Possible Transaction will, directly or indirectly, solicit for employment or employ  (a)","5,7,4,3,14","You will not, and will direct your Representatives not to, disclose to any person (except (i) to your Representatives who need to know such information for the purpose of evaluating, considering, negotiating and/or implementing a Possible Transaction and (ii) as the Company may otherwise consent in ",7,ranking_failure_gold_beyond_top_k,
train::620::nda-13,Entailment,Receiving Party may acquire information similar to Confidential Information from a third party.,2,"The term “Evaluation Material” does not include information that  (a) is or becomes available to you on a nonconfidential basis from a source other than the Company or its Representatives; provided that such source is not known by you to be bound by a confidentiality agreement with, or other contrac","7,5,4,3,14","In the event that such protective order or other remedy is not obtained or that the Company waives compliance with the provisions hereof, (i) you or your Representatives, as the case may be, may disclose only that portion of the Evaluation Material or Transaction Information which you or your Repres",7,ranking_failure_gold_beyond_top_k,
train::621::nda-19,Entailment,Some obligations of Agreement may survive termination of Agreement.,1,"The receiving party’s obligations under this Agreement will survive termination or expiration of this Agreement for a period of five (5) years after the termination or expiration hereof and will be binding upon the receiving party’s heirs, successors and assigns after such termination or expiration;","7,5,15,8,16","In the event that such protective order or other remedy is not obtained or that the disclosing party waives compliance with the provisions hereof, (x) the receiving party may disclose only that portion of the Confidential Information or Transaction Information which the receiving party is advised by",8,ranking_failure_gold_beyond_top_k,
train::621::nda-12,Entailment,Receiving Party may independently develop information similar to Confidential Information.,2,The obligations and restrictions imposed by this Agreement will not apply to any Confidential Information that the receiving party can establish by competent evidence acceptable under applicable law and as deemed appropriate by the competent court:  (d) is independently developed by the receiving pa,"3,6,2,7,5",3. Obligations. Each receiving party agrees: (a) to use the disclosing party’s Confidential Information solely for the Purpose stated above and for no other reason; (b) to protect the confidentiality of the disclosing party’s Confidential Information; (c) not to disclose any of the disclosing party’,7,ranking_failure_gold_beyond_top_k,
train::621::nda-13,Entailment,Receiving Party may acquire information similar to Confidential Information from a third party.,2,The obligations and restrictions imposed by this Agreement will not apply to any Confidential Information that the receiving party can establish by competent evidence acceptable under applicable law and as deemed appropriate by the competent court:  (c) is obtained by the receiving party from a thir,"6,7,5,3,2","In the event the receiving party receives a request or is required by deposition, interrogatory, request for documents, subpoena, civil investigative demand or similar process or pursuant to a formal request from a regulatory examiner (any such requested or required disclosure, an “External Demand”)",6,ranking_failure_gold_beyond_top_k,
train::622::nda-18,Entailment,Receiving Party shall not solicit some of Disclosing Party's representatives.,1,"6.3 Non-Solicitation or Hiring: During the Term and for a period of eighteen (18) months thereafter, Evolent shall not solicit or hire any of ABCO’s employees without ABCO’s prior written consent.","30,31,5,54,29","The Receiving Party agrees: (a) to hold the Disclosing Party’s Confidential Information in strict confidence, using the same degree (but no less than a reasonable degree) of care and protection that it exercises with its own Confidential Information of a similar nature; (b) not to directly or indire",6,ranking_failure_gold_beyond_top_k,
train::624::nda-18,Entailment,Receiving Party shall not solicit some of Disclosing Party's representatives.,2,Neither the Recipient nor any of the Recipient’s Representatives will contact or otherwise communicate with any other Representative of the Provider in connection with a Transaction without the prior written authorization of the Provider Contact Person. During the 12 month period commencing on the d,"5,18,6,21,11","(b) If the Provider delivers to the Recipient a written notice stating that certain Confidential Information of the Provider may be disclosed only to specified Representatives of the Recipient (such notice, a “Permitted Representatives Notice”), then, notwithstanding anything to the contrary contain",13,ranking_failure_gold_beyond_top_k,
